b8:27:eb:e7:a3:66,2018-09-17 11:18:39,29,35,24.592404000000002,121.344128,test
b8:27:eb:e7:a3:66,2018-09-17 11:18:45,29,35,24.592406,121.344132,test
b8:27:eb:e7:a3:66,2018-09-17 11:18:50,29,35,24.592413,121.34413699999999,test
b8:27:eb:e7:a3:66,2018-09-17 11:18:55,29,35,24.592423,121.344149,test
b8:27:eb:e7:a3:66,2018-09-17 11:38:57,0,0,24.592285,121.34418600000001,test
b8:27:eb:e7:a3:66,2018-09-17 11:39:03,29,36,24.592287000000002,121.344179,test
b8:27:eb:e7:a3:66,2018-09-17 11:39:08,29,36,24.592297,121.344177,test
b8:27:eb:e7:a3:66,2018-09-17 11:39:14,30,36,24.592285,121.34417499999999,test
b8:27:eb:e7:a3:66,2018-09-17 11:39:19,29,36,24.592277,121.344178,test
b8:27:eb:e7:a3:66,2018-09-17 11:39:25,29,35,24.59227,121.34417499999999,test
b8:27:eb:e7:a3:66,2018-09-17 11:39:30,29,36,24.592264,121.34416800000001,test
b8:27:eb:e7:a3:66,2018-09-17 11:39:36,30,37,24.592252,121.344161,test
b8:27:eb:e7:a3:66,2018-09-17 11:39:41,30,36,24.592246,121.344154,test
b8:27:eb:e7:a3:66,2018-09-17 11:39:47,29,35,24.592245,121.34415800000001,test
b8:27:eb:e7:a3:66,2018-09-17 11:39:52,29,35,24.59227,121.34416499999999,test
b8:27:eb:e7:a3:66,2018-09-17 11:39:57,29,35,24.592276000000002,121.34416499999999,test
b8:27:eb:e7:a3:66,2018-09-17 11:40:03,29,36,24.592298999999997,121.344167,test
b8:27:eb:e7:a3:66,2018-09-17 11:40:08,29,36,24.59231,121.34416999999999,test
b8:27:eb:e7:a3:66,2018-09-17 11:40:14,29,35,24.592315,121.344176,test
b8:27:eb:e7:a3:66,2018-09-17 11:40:19,29,35,24.592316999999998,121.344179,test
b8:27:eb:e7:a3:66,2018-09-17 11:40:25,29,37,24.592321000000002,121.344184,test
b8:27:eb:e7:a3:66,2018-09-17 11:40:30,29,35,24.592342,121.34419799999999,test
b8:27:eb:e7:a3:66,2018-09-17 11:40:36,30,35,24.592384000000003,121.34422699999999,test
b8:27:eb:e7:a3:66,2018-09-17 11:40:41,29,35,24.592394,121.34423500000001,test
b8:27:eb:e7:a3:66,2018-09-17 11:40:47,29,35,24.592388999999997,121.34423199999999,test
b8:27:eb:e7:a3:66,2018-09-17 11:40:52,29,35,24.592388999999997,121.34423199999999,test
b8:27:eb:e7:a3:66,2018-09-17 11:40:58,29,35,24.592388999999997,121.34423199999999,test
b8:27:eb:e7:a3:66,2018-09-17 11:41:03,30,37,24.592388999999997,121.34423199999999,test
b8:27:eb:e7:a3:66,2018-09-17 11:41:09,30,35,24.59239,121.34423199999999,test
b8:27:eb:e7:a3:66,2018-09-17 11:41:14,29,35,24.59239,121.34423199999999,test
b8:27:eb:e7:a3:66,2018-09-17 11:41:20,29,35,24.59239,121.34423199999999,test
b8:27:eb:e7:a3:66,2018-09-17 11:41:25,30,35,24.592406999999998,121.344233,test
b8:27:eb:e7:a3:66,2018-09-17 11:44:17,29,35,24.592226999999998,121.344139,test
b8:27:eb:e7:a3:66,2018-09-17 11:44:23,29,35,24.592238000000002,121.344144,test
b8:27:eb:e7:a3:66,2018-09-17 11:44:28,29,35,24.592229000000003,121.34415000000001,test
b8:27:eb:e7:a3:66,2018-09-17 11:44:34,29,34,24.592217,121.344154,test
b8:27:eb:e7:a3:66,2018-09-17 11:44:39,29,34,24.592225,121.34416300000001,test
b8:27:eb:e7:a3:66,2018-09-17 11:44:45,29,35,24.592237,121.344166,test
b8:27:eb:e7:a3:66,2018-09-17 11:44:50,29,36,24.59225,121.344167,test
b8:27:eb:e7:a3:66,2018-09-17 11:44:56,29,35,24.592252,121.344166,test
b8:27:eb:e7:a3:66,2018-09-17 11:45:01,29,34,24.592260999999997,121.344162,test
b8:27:eb:e7:a3:66,2018-09-17 11:45:07,29,35,24.592253999999997,121.34415499999999,test
b8:27:eb:e7:a3:66,2018-09-17 11:45:12,29,34,24.592247,121.34414699999999,test
b8:27:eb:e7:a3:66,2018-09-17 11:45:18,29,34,24.592239,121.344146,test
b8:27:eb:e7:a3:66,2018-09-17 11:45:23,30,34,24.592244,121.34415000000001,test
b8:27:eb:e7:a3:66,2018-09-17 11:45:29,30,36,24.592266,121.344153,test
b8:27:eb:e7:a3:66,2018-09-17 11:45:34,29,34,24.592266,121.344156,test
b8:27:eb:e7:a3:66,2018-09-17 11:45:39,29,34,24.592258,121.344152,test
b8:27:eb:e7:a3:66,2018-09-17 11:45:45,29,34,24.592253999999997,121.34415499999999,test
b8:27:eb:e7:a3:66,2018-09-17 11:50:25,29,35,24.592451999999998,121.344192,test
b8:27:eb:e7:a3:66,2018-09-17 11:50:30,29,33,24.592464,121.34420200000001,test
b8:27:eb:e7:a3:66,2018-09-17 11:50:36,29,34,24.592476,121.344213,test
b8:27:eb:e7:a3:66,2018-09-17 11:50:41,29,34,24.592473,121.344211,test
b8:27:eb:e7:a3:66,2018-09-17 11:50:47,29,34,24.592485,121.344221,test
b8:27:eb:e7:a3:66,2018-09-17 11:50:52,29,35,24.592487000000002,121.344224,test
b8:27:eb:e7:a3:66,2018-09-17 11:50:58,29,34,24.592481,121.34422,test
b8:27:eb:e7:a3:66,2018-09-17 11:51:03,28,36,24.592476,121.344214,test
b8:27:eb:e7:a3:66,2018-09-17 11:51:09,28,36,24.592465,121.344211,test
b8:27:eb:e7:a3:66,2018-09-17 11:51:14,29,34,24.592461,121.344208,test
b8:27:eb:e7:a3:66,2018-09-17 11:51:20,27,34,24.592461,121.344208,test
b8:27:eb:e7:a3:66,2018-09-17 12:03:25,29,34,24.59234,121.344187,test
b8:27:eb:e7:a3:66,2018-09-17 12:03:30,29,35,24.592328000000002,121.34416900000001,test
b8:27:eb:e7:a3:66,2018-09-17 12:03:35,29,34,24.592323,121.344153,test
b8:27:eb:e7:a3:66,2018-09-17 12:03:41,29,35,24.592332000000003,121.344143,test
b8:27:eb:e7:a3:66,2018-09-17 12:03:46,29,34,24.592321000000002,121.344141,test
b8:27:eb:e7:a3:66,2018-09-17 12:03:52,29,34,24.592314000000002,121.344149,test
b8:27:eb:e7:a3:66,2018-09-17 12:03:57,29,34,24.592304,121.344151,test
b8:27:eb:e7:a3:66,2018-09-17 12:07:35,28,35,24.592348,121.34413,test
b8:27:eb:e7:a3:66,2018-09-17 12:07:43,29,34,24.592353,121.344126,test
b8:27:eb:e7:a3:66,2018-09-17 12:07:52,28,36,24.592334,121.34412700000001,test
b8:27:eb:e7:a3:66,2018-09-17 12:08:00,29,34,24.592326,121.34414000000001,test
b8:27:eb:e7:a3:66,2018-09-17 14:52:40,29,35,24.592489,121.344213,test
b8:27:eb:e7:a3:66,2018-09-17 14:52:46,29,37,24.592503,121.344218,test
b8:27:eb:e7:a3:66,2018-09-17 14:52:51,29,36,24.592502,121.34421200000001,test
b8:27:eb:e7:a3:66,2018-09-17 14:52:57,29,36,24.592498,121.344208,test
b8:27:eb:e7:a3:66,2018-09-17 14:53:02,29,36,24.592484,121.3442,test
b8:27:eb:e7:a3:66,2018-09-17 14:53:08,29,36,24.592477,121.344208,test
b8:27:eb:e7:a3:66,2018-09-17 14:53:13,29,35,24.592475,121.344203,test
b8:27:eb:e7:a3:66,2018-09-17 15:11:17,28,35,24.59239,121.34412700000001,test
b8:27:eb:e7:a3:66,2018-09-17 15:11:23,28,35,24.592386,121.34410799999999,test
b8:27:eb:e7:a3:66,2018-09-17 15:11:28,28,35,24.592388,121.344097,test
b8:27:eb:e7:a3:66,2018-09-17 15:11:34,29,34,24.592392,121.34409799999999,test
b8:27:eb:e7:a3:66,2018-09-17 15:11:39,29,35,24.592401,121.344092,test
b8:27:eb:e7:a3:66,2018-09-17 15:11:44,28,35,24.592399999999998,121.344091,test
b8:27:eb:e7:a3:66,2018-09-17 15:11:50,28,35,24.592377000000003,121.344109,test
b8:27:eb:e7:a3:66,2018-09-17 15:11:55,28,36,24.592373,121.344124,test
b8:27:eb:e7:a3:66,2018-09-17 15:12:01,27,34,24.592373,121.344134,test
b8:27:eb:e7:a3:66,2018-09-17 15:12:06,28,35,24.592371,121.34414199999999,test
b8:27:eb:e7:a3:66,2018-09-17 15:12:12,29,34,24.592367,121.34413699999999,test
b8:27:eb:e7:a3:66,2018-09-17 15:12:17,28,35,24.592382999999998,121.344148,test
b8:27:eb:e7:a3:66,2018-09-17 15:12:23,28,35,24.592401,121.34415999999999,test
b8:27:eb:e7:a3:66,2018-09-17 15:12:28,28,35,24.592406,121.344167,test
b8:27:eb:e7:a3:66,2018-09-17 15:12:34,28,36,24.592417,121.344171,test
b8:27:eb:e7:a3:66,2018-09-17 15:12:39,28,35,24.592425,121.344179,test
b8:27:eb:e7:a3:66,2018-09-17 15:13:16,28,35,24.59234,121.34415800000001,test
b8:27:eb:e7:a3:66,2018-09-17 15:13:22,29,34,24.592316999999998,121.34415800000001,test
b8:27:eb:e7:a3:66,2018-09-17 15:13:27,28,35,24.592322,121.344152,test
b8:27:eb:e7:a3:66,2018-09-17 15:31:37,30,38,24.592354,121.34409,test
b8:27:eb:e7:a3:66,2018-09-17 15:31:42,29,37,24.592361999999998,121.344099,test
b8:27:eb:e7:a3:66,2018-09-17 15:32:07,30,37,24.592370000000003,121.344099,test
b8:27:eb:e7:a3:66,2018-09-17 15:32:13,29,37,24.592368,121.344109,test
b8:27:eb:e7:a3:66,2018-09-17 15:32:18,30,37,24.592359000000002,121.344132,test
b8:27:eb:e7:a3:66,2018-09-17 15:32:24,29,37,24.592352,121.344138,test
b8:27:eb:e7:a3:66,2018-09-17 15:32:29,29,36,24.592353,121.344138,test
b8:27:eb:e7:a3:66,2018-09-17 15:32:35,29,37,24.592363,121.344143,test
b8:27:eb:e7:a3:66,2018-09-17 15:32:40,29,39,24.59236,121.344148,test
b8:27:eb:e7:a3:66,2018-09-17 15:33:16,29,37,24.592278999999998,121.34416999999999,test
b8:27:eb:e7:a3:66,2018-09-17 15:33:21,29,36,24.59225,121.34416900000001,test
b8:27:eb:e7:a3:66,2018-09-17 15:33:27,29,38,24.592258,121.34416300000001,test
b8:27:eb:e7:a3:66,2018-09-17 15:33:32,29,36,24.592275,121.344162,test
b8:27:eb:e7:a3:66,2018-09-17 15:33:38,29,36,24.592292,121.34416900000001,test
b8:27:eb:e7:a3:66,2018-09-17 15:33:43,29,36,24.592302,121.344173,test
b8:27:eb:e7:a3:66,2018-09-17 15:33:49,29,36,24.592316999999998,121.34416800000001,test
b8:27:eb:e7:a3:66,2018-09-17 15:33:54,30,37,24.592314000000002,121.344167,test
b8:27:eb:e7:a3:66,2018-09-17 15:33:59,29,37,24.592319000000003,121.34416999999999,test
b8:27:eb:e7:a3:66,2018-09-17 16:57:35,26,36,24.592408,121.34415800000001,test
b8:27:eb:e7:a3:66,2018-09-17 16:57:41,28,35,24.592395,121.344162,test
b8:27:eb:e7:a3:66,2018-09-17 16:57:47,28,35,24.592403,121.344162,test
b8:27:eb:e7:a3:66,2018-09-17 16:57:52,28,35,24.592418,121.344156,test
b8:27:eb:e7:a3:66,2018-09-17 16:57:58,28,35,24.592433,121.344148,test
b8:27:eb:e7:a3:66,2018-09-17 17:33:53,27,35,24.592361999999998,121.344156,test
b8:27:eb:e7:a3:66,2018-09-17 17:33:59,28,34,24.592361999999998,121.344156,test
b8:27:eb:e7:a3:66,2018-09-17 17:34:04,28,34,24.592361999999998,121.344156,test
b8:27:eb:e7:a3:66,2018-09-17 17:36:50,28,35,24.59235,121.344156,test
b8:27:eb:e7:a3:66,2018-09-17 17:36:56,28,34,24.592357000000003,121.344162,test
b8:27:eb:e7:a3:66,2018-09-17 17:37:01,27,34,24.592358,121.34415999999999,test
b8:27:eb:e7:a3:66,2018-09-17 17:39:11,28,35,24.592387,121.344159,test
b8:27:eb:e7:a3:66,2018-09-17 17:39:17,28,35,24.592387,121.344159,test
b8:27:eb:e7:a3:66,2018-09-17 17:39:22,28,35,24.592387,121.344159,test
b8:27:eb:e7:a3:66,2018-09-17 17:39:28,28,35,24.592381999999997,121.34415800000001,test
b8:27:eb:e7:a3:66,2018-09-17 17:39:33,28,36,24.592375999999998,121.344156,test
b8:27:eb:e7:a3:66,2018-09-17 17:39:38,28,36,24.592368999999998,121.344154,test
b8:27:eb:e7:a3:66,2018-09-17 17:39:44,28,35,24.592368,121.344153,test
b8:27:eb:e7:a3:66,2018-09-17 17:39:49,28,35,24.592367,121.344152,test
b8:27:eb:e7:a3:66,2018-09-17 17:39:55,28,35,24.592363,121.34414699999999,test
b8:27:eb:e7:a3:66,2018-09-17 17:40:00,28,35,24.592363,121.344144,test
b8:27:eb:e7:a3:66,2018-09-17 17:40:06,28,35,24.592363,121.344144,test
b8:27:eb:e7:a3:66,2018-09-17 17:40:11,28,35,24.592359000000002,121.344139,test
b8:27:eb:e7:a3:66,2018-09-17 17:40:17,28,35,24.592358,121.344139,test
b8:27:eb:e7:a3:66,2018-09-17 17:40:22,28,35,24.592359000000002,121.344139,test
b8:27:eb:e7:a3:66,2018-09-17 17:40:28,28,35,24.592361999999998,121.34414000000001,test
b8:27:eb:e7:a3:66,2018-09-17 17:40:33,28,34,24.592361999999998,121.344141,test
b8:27:eb:e7:a3:66,2018-09-17 17:40:39,28,36,24.592354,121.34414000000001,test
b8:27:eb:e7:a3:66,2018-09-17 17:40:44,28,34,24.592350999999997,121.344143,test
b8:27:eb:e7:a3:66,2018-09-17 17:40:50,28,35,24.592354999999998,121.34415000000001,test
b8:27:eb:e7:a3:66,2018-09-17 17:40:55,28,35,24.592366000000002,121.344152,test
b8:27:eb:e7:a3:66,2018-09-17 17:41:01,28,35,24.592372,121.344153,test
b8:27:eb:e7:a3:66,2018-09-17 17:41:06,28,35,24.592384000000003,121.34415000000001,test
b8:27:eb:e7:a3:66,2018-09-17 17:41:12,28,35,24.592387,121.344149,test
b8:27:eb:e7:a3:66,2018-09-17 17:41:17,28,36,24.592393,121.344152,test
b8:27:eb:e7:a3:66,2018-09-17 17:41:22,28,35,24.592387,121.344156,test
b8:27:eb:e7:a3:66,2018-09-17 20:50:19,29,34,24.592408,121.34426400000001,test
b8:27:eb:e7:a3:66,2018-09-17 20:50:25,28,36,24.592412,121.34425900000001,test
b8:27:eb:e7:a3:66,2018-09-17 20:50:30,29,34,24.59242,121.34425300000001,test
b8:27:eb:e7:a3:66,2018-09-17 20:50:36,28,35,24.59242,121.344249,test
b8:27:eb:e7:a3:66,2018-09-17 20:50:41,29,35,24.592417,121.344234,test
b8:27:eb:e7:a3:66,2018-09-17 20:50:47,29,34,24.59241,121.344222,test
b8:27:eb:e7:a3:66,2018-09-17 20:59:23,28,35,24.592474000000003,121.34418600000001,test
b8:27:eb:e7:a3:66,2018-09-17 20:59:29,28,35,24.592465999999998,121.344176,test
b8:27:eb:e7:a3:66,2018-09-17 20:59:35,28,35,24.592457,121.344182,test
b8:27:eb:e7:a3:66,2018-09-17 20:59:40,28,35,24.592453999999996,121.344194,test
b8:27:eb:e7:a3:66,2018-09-17 21:06:01,28,36,24.592408999999996,121.34420200000001,test
b8:27:eb:e7:a3:66,2018-09-17 21:06:07,28,36,24.592413999999998,121.34420899999999,test
b8:27:eb:e7:a3:66,2018-09-17 21:06:12,28,35,24.592427999999998,121.34422,test
b8:27:eb:e7:a3:66,2018-09-17 21:06:18,28,36,24.592423,121.344219,test
b8:27:eb:e7:a3:66,2018-09-17 21:06:23,28,36,24.592403,121.344224,test
b8:27:eb:e7:a3:66,2018-09-17 21:06:28,28,35,24.592399,121.344228,test
b8:27:eb:e7:a3:66,2018-09-17 21:06:34,29,35,24.592388,121.344219,test
b8:27:eb:e7:a3:66,2018-09-17 21:06:39,28,36,24.592354999999998,121.344187,test
b8:27:eb:e7:a3:66,2018-09-17 21:06:45,29,34,24.592339000000003,121.344179,test
b8:27:eb:e7:a3:66,2018-09-17 21:06:50,29,35,24.592341,121.344184,test
b8:27:eb:e7:a3:66,2018-09-17 21:07:21,0,0,24.59238,121.344166,test
b8:27:eb:e7:a3:66,2018-09-17 21:07:29,28,36,24.592381,121.344151,test
b8:27:eb:e7:a3:66,2018-09-17 21:07:35,28,37,24.592382999999998,121.344141,test
b8:27:eb:e7:a3:66,2018-09-17 21:07:42,28,36,24.592386,121.34413500000001,test
b8:27:eb:e7:a3:66,2018-09-17 21:07:51,28,36,24.59239,121.34412,test
b8:27:eb:e7:a3:66,2018-09-17 21:07:58,28,36,NaN,NaN,test
b8:27:eb:e7:a3:66,2018-09-17 21:08:07,28,36,24.592372,121.344097,test
b8:27:eb:e7:a3:66,2018-09-17 21:08:16,28,37,24.59236,121.34409600000001,test
b8:27:eb:e7:a3:66,2018-09-17 21:11:13,28,37,24.59236,121.34409600000001,test
b8:27:eb:e7:a3:66,2018-09-17 22:05:50,28,36,24.592399999999998,121.34412700000001,test
b8:27:eb:e7:a3:66,2018-09-17 22:05:56,28,35,24.592395999999997,121.344139,test
b8:27:eb:e7:a3:66,2018-09-17 22:06:01,28,36,24.592395999999997,121.344141,test
b8:27:eb:e7:a3:66,2018-09-17 22:06:07,28,35,24.592405,121.344138,test
b8:27:eb:e7:a3:66,2018-09-17 22:06:12,28,35,24.592426999999997,121.34412,test
b8:27:eb:e7:a3:66,2018-09-17 22:06:18,28,35,24.592424,121.344124,test
b8:27:eb:e7:a3:66,2018-09-17 22:06:23,28,35,24.592419,121.34412700000001,test
b8:27:eb:e7:a3:66,2018-09-17 22:06:29,28,35,24.592411000000002,121.344124,test
b8:27:eb:e7:a3:66,2018-09-17 22:06:34,28,36,24.592408,121.34414199999999,test
b8:27:eb:e7:a3:66,2018-09-17 22:06:40,28,35,24.592413,121.34415000000001,test
b8:27:eb:e7:a3:66,2018-09-17 22:06:45,28,35,24.592408999999996,121.344143,test
b8:27:eb:e7:a3:66,2018-09-17 22:06:51,28,35,24.592413999999998,121.34414000000001,test
b8:27:eb:e7:a3:66,2018-09-17 22:14:44,28,36,24.592367,121.344124,test
b8:27:eb:e7:a3:66,2018-09-17 22:14:49,28,35,24.592361999999998,121.34412,test
b8:27:eb:e7:a3:66,2018-09-17 22:14:55,28,35,24.592361999999998,121.34412,test
b8:27:eb:e7:a3:66,2018-09-18 15:43:23,27,34,24.592418,121.34424999999999,test
b8:27:eb:e7:a3:66,2018-09-18 15:43:28,27,35,24.592437,121.34422599999999,test
b8:27:eb:e7:a3:66,2018-09-18 15:54:18,26,35,24.592401,121.34414199999999,test
b8:27:eb:e7:a3:66,2018-09-18 15:54:24,27,34,24.592406999999998,121.34414500000001,test
b8:27:eb:e7:a3:66,2018-09-18 15:54:29,26,36,24.592406999999998,121.34415000000001,test
b8:27:eb:e7:a3:66,2018-09-18 15:54:35,27,34,24.592408999999996,121.344152,test
b8:27:eb:e7:a3:66,2018-09-18 16:13:40,26,37,24.592304,121.344176,test
b8:27:eb:e7:a3:66,2018-09-18 16:13:45,26,35,24.592335,121.34418799999999,test
b8:27:eb:e7:a3:66,2018-09-18 16:13:51,26,35,24.592346,121.34419,test
b8:27:eb:e7:a3:66,2018-09-18 16:13:56,26,35,24.592350999999997,121.344191,test
b8:27:eb:e7:a3:66,2018-09-18 16:14:02,26,37,24.592387,121.34420200000001,test
b8:27:eb:e7:a3:66,2018-09-18 16:20:34,26,36,24.592402000000003,121.344256,test
b8:27:eb:e7:a3:66,2018-09-18 16:20:39,27,35,24.592395,121.344252,test
b8:27:eb:e7:a3:66,2018-09-18 16:20:44,27,35,24.592401,121.34424999999999,test
b8:27:eb:e7:a3:66,2018-09-18 16:20:50,27,35,24.592405,121.344254,test
b8:27:eb:e7:a3:66,2018-09-18 16:20:55,27,34,24.592426,121.34425999999999,test
b8:27:eb:e7:a3:66,2018-09-18 16:21:01,27,36,24.592446,121.344269,test
b8:27:eb:e7:a3:66,2018-09-18 16:32:49,28,36,24.592406,121.34415800000001,test
b8:27:eb:e7:a3:66,2018-09-18 16:32:55,28,35,24.592413999999998,121.344162,test
b8:27:eb:e7:a3:66,2018-09-18 16:33:00,28,35,24.592418,121.34416300000001,test
b8:27:eb:e7:a3:66,2018-09-18 16:33:06,28,36,24.592417,121.34416300000001,test
b8:27:eb:e7:a3:66,2018-09-18 16:33:11,28,36,24.592413999999998,121.34416300000001,test
b8:27:eb:e7:a3:66,2018-09-18 16:33:17,27,38,24.592411000000002,121.344162,test
b8:27:eb:e7:a3:66,2018-09-18 16:33:22,27,36,24.592404000000002,121.344157,test
b8:27:eb:e7:a3:66,2018-09-18 16:33:27,28,36,24.592398,121.344157,test
b8:27:eb:e7:a3:66,2018-09-18 16:33:33,28,35,24.592408999999996,121.344156,test
b8:27:eb:e7:a3:66,2018-09-18 16:33:38,28,36,24.592411000000002,121.344157,test
b8:27:eb:e7:a3:66,2018-09-18 16:33:44,28,35,24.59241,121.344157,test
b8:27:eb:e7:a3:66,2018-09-18 16:33:49,28,35,24.592408,121.344156,test
b8:27:eb:e7:a3:66,2018-09-18 16:33:55,28,36,24.592408999999996,121.34415499999999,test
b8:27:eb:e7:a3:66,2018-09-18 16:34:00,28,35,24.592403,121.344156,test
b8:27:eb:e7:a3:66,2018-09-18 16:34:06,28,36,24.592399,121.344161,test
b8:27:eb:e7:a3:66,2018-09-18 16:34:11,28,35,24.592393,121.344157,test
b8:27:eb:e7:a3:66,2018-09-18 16:34:17,28,35,24.592381999999997,121.344151,test
b8:27:eb:e7:a3:66,2018-09-18 16:50:16,28,36,24.59239,121.34415800000001,test
b8:27:eb:e7:a3:66,2018-09-18 16:50:22,28,35,24.59239,121.34415800000001,test
b8:27:eb:e7:a3:66,2018-09-18 16:50:27,28,38,24.59239,121.34415800000001,test
b8:27:eb:e7:a3:66,2018-09-18 16:53:52,28,37,24.592388999999997,121.344157,test
b8:27:eb:e7:a3:66,2018-09-18 16:53:57,28,36,24.592388999999997,121.344157,test
b8:27:eb:e7:a3:66,2018-09-18 16:54:03,28,36,24.592387,121.34415499999999,test
b8:27:eb:e7:a3:66,2018-09-18 16:54:08,26,35,24.592385,121.344153,test
b8:27:eb:e7:a3:66,2018-09-18 16:54:13,28,35,24.592385,121.344153,test
b8:27:eb:e7:a3:66,2018-09-18 16:54:19,28,35,24.592385,121.344153,test
b8:27:eb:e7:a3:66,2018-09-18 16:54:24,28,36,24.592385,121.344153,test
b8:27:eb:e7:a3:66,2018-09-18 16:54:30,28,36,24.592385,121.344153,test
b8:27:eb:e7:a3:66,2018-09-18 16:54:35,28,35,24.592385,121.344153,test
b8:27:eb:e7:a3:66,2018-09-18 16:54:41,28,36,24.592385,121.344153,test
b8:27:eb:e7:a3:66,2018-09-18 16:54:46,28,36,24.592385,121.344153,test
b8:27:eb:e7:a3:66,2018-09-18 17:02:13,27,35,24.592348,121.344176,test
b8:27:eb:e7:a3:66,2018-09-18 17:02:19,28,34,24.592349,121.344176,test
b8:27:eb:e7:a3:66,2018-09-18 17:02:24,27,35,24.592354,121.344176,test
b8:27:eb:e7:a3:66,2018-09-18 17:02:30,27,34,24.592375999999998,121.344181,test
b8:27:eb:e7:a3:66,2018-09-18 17:02:35,27,34,24.592381,121.344189,test
b8:27:eb:e7:a3:66,2018-09-18 17:03:56,28,36,24.59235,121.34419,test
b8:27:eb:e7:a3:66,2018-09-18 17:04:01,27,34,24.59235,121.34419,test
b8:27:eb:e7:a3:66,2018-09-18 17:04:07,27,35,24.59236,121.344189,test
b8:27:eb:e7:a3:66,2018-09-18 17:07:08,27,35,24.592303,121.34418299999999,test
b8:27:eb:e7:a3:66,2018-09-18 17:07:14,27,34,24.592305,121.344184,test
b8:27:eb:e7:a3:66,2018-09-18 17:07:19,27,35,24.592291,121.344187,test
b8:27:eb:e7:a3:66,2018-09-18 17:07:25,27,34,24.592274000000003,121.34418299999999,test
b8:27:eb:e7:a3:66,2018-09-18 17:07:30,27,35,24.592265,121.344173,test
b8:27:eb:e7:a3:66,2018-09-18 17:07:36,27,36,24.592278,121.344153,test
b8:27:eb:e7:a3:66,2018-09-18 17:07:41,27,35,24.59229,121.344139,test
b8:27:eb:e7:a3:66,2018-09-18 17:07:47,27,35,24.592282,121.344146,test
b8:27:eb:e7:a3:66,2018-09-18 17:07:52,27,36,24.592271,121.344167,test
b8:27:eb:e7:a3:66,2018-09-18 17:08:43,27,36,24.592265,121.344159,test
b8:27:eb:e7:a3:66,2018-09-18 17:12:25,27,35,24.592307,121.344124,test
b8:27:eb:e7:a3:66,2018-09-18 17:12:31,29,35,24.592312000000003,121.34411700000001,test
b8:27:eb:e7:a3:66,2018-09-18 17:12:36,28,35,24.59231,121.344109,test
b8:27:eb:e7:a3:66,2018-09-18 17:12:42,28,35,24.592303,121.34409600000001,test
b8:27:eb:e7:a3:66,2018-09-18 17:12:47,28,36,24.592282,121.344088,test
b8:27:eb:e7:a3:66,2018-09-18 17:12:53,27,35,24.592274000000003,121.344092,test
b8:27:eb:e7:a3:66,2018-09-18 17:12:58,28,35,24.592268,121.3441,test
b8:27:eb:e7:a3:66,2018-09-18 17:13:04,28,35,24.592267000000003,121.344105,test
b8:27:eb:e7:a3:66,2018-09-18 17:13:09,28,35,24.592292999999998,121.344105,test
b8:27:eb:e7:a3:66,2018-09-18 17:13:14,28,35,24.592314000000002,121.34410700000001,test
b8:27:eb:e7:a3:66,2018-09-18 17:13:20,28,35,24.59232,121.344109,test
b8:27:eb:e7:a3:66,2018-09-18 17:13:25,28,35,24.592337999999998,121.34411200000001,test
b8:27:eb:e7:a3:66,2018-09-18 17:13:31,28,35,0.03,0.21,test
b8:27:eb:e7:a3:66,2018-09-18 17:19:31,28,37,24.592359000000002,121.344133,test
b8:27:eb:e7:a3:66,2018-09-18 17:19:36,28,35,24.592357000000003,121.344138,test
b8:27:eb:e7:a3:66,2018-09-18 17:19:42,28,36,24.592361999999998,121.34413599999999,test
b8:27:eb:e7:a3:66,2018-09-18 17:19:47,28,35,24.592361,121.344139,test
b8:27:eb:e7:a3:66,2018-09-18 17:19:53,28,35,24.592365,121.344131,test
b8:27:eb:e7:a3:66,2018-09-18 17:19:58,28,35,24.592368999999998,121.34412200000001,test
b8:27:eb:e7:a3:66,2018-09-18 17:20:04,28,36,24.592374,121.344126,test
b8:27:eb:e7:a3:66,2018-09-18 17:20:09,28,36,24.592373,121.34412200000001,test
b8:27:eb:e7:a3:66,2018-09-18 17:20:15,28,36,24.592352,121.344121,test
b8:27:eb:e7:a3:66,2018-09-18 17:20:20,28,36,24.592336,121.344131,test
b8:27:eb:e7:a3:66,2018-09-18 17:20:26,28,35,24.592345,121.344144,test
b8:27:eb:e7:a3:66,2018-09-18 17:20:31,28,36,24.592370000000003,121.344172,test
b8:27:eb:e7:a3:66,2018-09-18 17:20:37,28,35,24.592406999999998,121.34418799999999,test
b8:27:eb:e7:a3:66,2018-09-18 17:20:42,28,36,24.592427999999998,121.344201,test
b8:27:eb:e7:a3:66,2018-09-18 18:05:41,28,36,24.592429000000003,121.344152,test
b8:27:eb:e7:a3:66,2018-09-18 18:05:47,28,35,24.59244,121.344146,test
b8:27:eb:e7:a3:66,2018-09-18 18:05:52,28,35,24.592447000000003,121.34413699999999,test
b8:27:eb:e7:a3:66,2018-09-18 18:05:58,28,35,24.592451999999998,121.344128,test
b8:27:eb:e7:a3:66,2018-09-18 18:06:06,28,34,24.592461,121.344124,test
b8:27:eb:e7:a3:66,2018-09-18 18:06:11,29,35,24.592462,121.34410799999999,test
b8:27:eb:e7:a3:66,2018-09-18 18:06:17,28,35,24.592463,121.34410700000001,test
b8:27:eb:e7:a3:66,2018-09-18 18:06:22,28,35,24.592464,121.34411200000001,test
b8:27:eb:e7:a3:66,2018-09-18 18:06:28,28,35,24.592467000000003,121.34411200000001,test
b8:27:eb:e7:a3:66,2018-09-18 18:06:33,28,35,24.592465999999998,121.344124,test
b8:27:eb:e7:a3:66,2018-09-18 18:06:39,28,34,24.592458,121.34412700000001,test
b8:27:eb:e7:a3:66,2018-09-18 18:06:44,28,35,NaN,NaN,test
b8:27:eb:e7:a3:66,2018-09-18 18:06:50,28,36,24.592453999999996,121.344126,test
b8:27:eb:e7:a3:66,2018-09-21 10:43:02,30,35,24.59243,121.34416800000001,test
b8:27:eb:e7:a3:66,2018-09-21 10:43:08,29,34,NaN,NaN,test
b8:27:eb:e7:a3:66,2018-09-21 10:43:13,29,34,24.592415000000003,121.344161,test
b8:27:eb:e7:a3:66,2018-09-21 10:43:19,29,35,24.592399,121.344161,test
b8:27:eb:e7:a3:66,2018-09-21 10:43:24,29,35,24.592406999999998,121.34416999999999,test
b8:27:eb:e7:a3:66,2018-09-21 10:43:30,29,34,24.592424,121.34417499999999,test
b8:27:eb:e7:a3:66,2018-09-21 10:43:35,30,35,24.592417,121.344176,test
b8:27:eb:e7:a3:66,2018-09-21 10:43:40,29,35,24.592417,121.344184,test
b8:27:eb:e7:a3:66,2018-09-21 10:43:46,29,34,24.592433,121.344185,test
b8:27:eb:e7:a3:66,2018-09-21 10:43:51,29,34,24.592442000000002,121.344184,test
b8:27:eb:e7:a3:66,2018-09-21 10:43:57,29,35,24.592448,121.344189,test
b8:27:eb:e7:a3:66,2018-09-21 10:44:02,30,35,24.592429000000003,121.344179,test
b8:27:eb:e7:a3:66,2018-09-21 10:44:08,29,35,24.592411000000002,121.344173,test
b8:27:eb:e7:a3:66,2018-09-21 10:44:13,29,34,24.592402000000003,121.344164,test
b8:27:eb:e7:a3:66,2018-09-21 10:44:19,29,35,24.592382999999998,121.34415499999999,test
b8:27:eb:e7:a3:66,2018-09-21 10:44:24,30,35,24.592361999999998,121.344148,test
b8:27:eb:e7:a3:66,2018-09-21 10:44:30,29,35,24.592356,121.34414500000001,test
b8:27:eb:e7:a3:66,2018-09-21 10:44:35,29,34,24.592343999999997,121.34414199999999,test
b8:27:eb:e7:a3:66,2018-09-21 10:44:41,29,34,24.592359000000002,121.344152,test
b8:27:eb:e7:a3:66,2018-09-21 10:44:46,29,34,24.592361,121.344159,test
b8:27:eb:e7:a3:66,2018-09-21 10:44:52,28,34,24.59236,121.344164,test
b8:27:eb:e7:a3:66,2018-09-21 10:44:57,29,35,24.592356,121.344162,test
b8:27:eb:e7:a3:66,2018-09-21 10:45:03,29,35,24.592353,121.344166,test
b8:27:eb:e7:a3:66,2018-09-21 10:45:08,29,35,24.592352,121.344171,test
b8:27:eb:e7:a3:66,2018-09-21 10:45:13,29,35,24.592350999999997,121.34417400000001,test
b8:27:eb:e7:a3:66,2018-09-21 10:45:19,29,34,24.592348,121.344167,test
b8:27:eb:e7:a3:66,2018-09-21 10:45:24,29,34,24.592347,121.344167,test
b8:27:eb:e7:a3:66,2018-09-21 10:45:30,30,34,24.592343999999997,121.34417400000001,test
b8:27:eb:e7:a3:66,2018-09-21 10:45:35,29,34,24.592333,121.344164,test
b8:27:eb:e7:a3:66,2018-09-21 10:45:41,29,35,24.592318,121.344152,test
b8:27:eb:e7:a3:66,2018-09-21 10:45:46,29,34,24.59233,121.344151,test
b8:27:eb:e7:a3:66,2018-09-21 10:45:52,29,35,24.592316999999998,121.344143,test
b8:27:eb:e7:a3:66,2018-09-21 10:45:57,29,35,24.59231,121.344138,test
b8:27:eb:e7:a3:66,2018-09-27 03:51:00,26,39,24.592363,121.34416800000001,test
b8:27:eb:e7:a3:66,2018-09-27 03:51:06,27,37,24.592373,121.34416900000001,test
b8:27:eb:e7:a3:66,2018-09-27 03:51:11,26,40,24.592375,121.344167,test
b8:27:eb:e7:a3:66,2018-09-27 03:51:17,27,38,24.592375,121.344167,test
b8:27:eb:e7:a3:66,2018-09-27 03:51:22,26,39,24.592375,121.344167,test
b8:27:eb:e7:a3:66,2018-09-27 03:51:28,26,38,24.592375,121.344167,test
b8:27:eb:e7:a3:66,2018-09-27 03:51:33,26,39,24.592374,121.344167,test
b8:27:eb:e7:a3:66,2018-09-27 03:51:39,27,37,24.592374,121.344167,test
b8:27:eb:e7:a3:66,2018-09-27 03:51:44,26,38,24.592374,121.344167,test
b8:27:eb:e7:a3:66,2018-09-27 03:51:50,26,38,24.592386,121.344162,test
b8:27:eb:e7:a3:66,2018-09-27 03:51:55,26,38,24.592386,121.34415499999999,test
b8:27:eb:e7:a3:66,2018-09-27 03:52:00,26,38,24.592375999999998,121.344149,test
b8:27:eb:e7:a3:66,2018-09-27 03:52:06,26,40,24.592392,121.344151,test
b8:27:eb:e7:a3:66,2018-09-27 03:52:11,26,38,24.592423,121.344146,test
b8:27:eb:e7:a3:66,2018-09-27 03:52:17,27,38,24.59242,121.34414000000001,test
b8:27:eb:e7:a3:66,2018-09-27 11:19:52,27,36,24.592387,121.3442,test
b8:27:eb:e7:a3:66,2018-09-27 11:19:57,26,36,24.592388999999997,121.3442,test
b8:27:eb:e7:a3:66,2018-09-27 11:20:03,26,37,24.59239,121.344199,test
b8:27:eb:e7:a3:66,2018-09-27 11:20:08,26,36,24.592394,121.3442,test
b8:27:eb:e7:a3:66,2018-09-27 11:20:14,27,35,24.592387,121.344192,test
b8:27:eb:e7:a3:66,2018-09-27 11:20:19,26,36,24.592379,121.344187,test
b8:27:eb:e7:a3:66,2018-09-27 11:20:25,26,36,24.592372,121.344184,test
b8:27:eb:e7:a3:66,2018-09-27 11:20:30,26,36,24.592373,121.34418299999999,test
b8:27:eb:e7:a3:66,2018-09-27 11:20:36,26,36,24.592363,121.34417400000001,test
b8:27:eb:e7:a3:66,2018-09-27 11:20:41,26,36,24.592359000000002,121.34416900000001,test
b8:27:eb:e7:a3:66,2018-09-27 11:20:48,26,36,24.59235,121.34416300000001,test
b8:27:eb:e7:a3:66,2018-09-27 11:20:54,26,36,24.592378,121.344141,test
b8:27:eb:e7:a3:66,2018-09-27 11:20:59,26,36,24.592387,121.344146,test
b8:27:eb:e7:a3:66,2018-09-27 11:21:05,26,36,24.592391,121.344152,test
b8:27:eb:e7:a3:66,2018-09-27 11:21:10,26,36,24.59239,121.344157,test
b8:27:eb:e7:a3:66,2018-09-27 11:21:16,26,36,NaN,NaN,test
b8:27:eb:e7:a3:66,2018-09-27 11:21:21,26,37,24.592385,121.344156,test
b8:27:eb:e7:a3:66,2018-09-27 11:21:27,26,36,24.592402000000003,121.344157,test
b8:27:eb:e7:a3:66,2018-09-27 11:21:32,26,36,24.592412,121.344161,test
b8:27:eb:e7:a3:66,2018-09-27 11:21:38,27,35,24.592427999999998,121.344166,test
b8:27:eb:e7:a3:66,2018-09-27 11:21:43,26,36,24.592431,121.344173,test
b8:27:eb:e7:a3:66,2018-09-27 11:21:49,26,36,24.592419,121.34416900000001,test
b8:27:eb:e7:a3:66,2018-09-27 11:21:54,26,36,24.592399999999998,121.344171,test
b8:27:eb:e7:a3:66,2018-09-27 11:22:00,26,36,24.592382999999998,121.34417400000001,test
b8:27:eb:e7:a3:66,2018-09-27 11:22:05,27,35,24.592393,121.344181,test
b8:27:eb:e7:a3:66,2018-09-27 11:22:10,26,37,24.592402000000003,121.344184,test
b8:27:eb:e7:a3:66,2018-09-27 11:22:16,26,37,24.592394,121.344181,test
b8:27:eb:e7:a3:66,2018-10-01 12:10:21,27,36,24.592405,121.34422,test
b8:27:eb:e7:a3:66,2018-10-01 12:10:27,27,35,24.592418,121.344215,test
b8:27:eb:e7:a3:66,2018-10-01 12:10:33,27,37,24.592426999999997,121.344214,test
b8:27:eb:e7:a3:66,2018-10-01 12:10:39,27,37,NaN,NaN,test
b8:27:eb:e7:a3:66,2018-10-01 12:10:44,27,36,24.592426999999997,121.344222,test
b8:27:eb:e7:a3:66,2018-10-01 12:10:50,26,36,24.592406999999998,121.344216,test
b8:27:eb:e7:a3:66,2018-10-01 12:10:55,27,36,24.592402000000003,121.344211,test
b8:27:eb:e7:a3:66,2018-10-01 12:11:01,26,36,24.592406999999998,121.34419299999999,test
b8:27:eb:e7:a3:66,2018-10-01 12:11:06,27,35,24.59241,121.34418600000001,test
b8:27:eb:e7:a3:66,2018-10-01 12:11:12,27,36,24.592408999999996,121.34419700000001,test
b8:27:eb:e7:a3:66,2018-10-01 12:11:17,27,36,24.592401,121.344195,test
b8:27:eb:e7:a3:66,2018-10-01 12:11:23,26,37,24.592402000000003,121.344203,test
b8:27:eb:e7:a3:66,2018-10-01 12:11:28,27,36,24.592403,121.34422,test
b8:27:eb:e7:a3:66,2018-10-01 12:11:34,27,35,24.592395999999997,121.344234,test
b8:27:eb:e7:a3:66,2018-10-01 12:11:39,27,36,24.592387,121.34424499999999,test
b8:27:eb:e7:a3:66,2018-10-01 12:11:45,26,37,24.592377000000003,121.344243,test
b8:27:eb:e7:a3:66,2018-10-01 12:11:50,27,35,24.592363,121.344238,test
b8:27:eb:e7:a3:66,2018-10-01 12:11:55,27,35,24.592342,121.34422500000001,test
b8:27:eb:e7:a3:66,2018-10-01 12:22:06,27,36,24.592388,121.344162,test
b8:27:eb:e7:a3:66,2018-10-01 12:22:12,27,36,24.592391,121.34416900000001,test
b8:27:eb:e7:a3:66,2018-10-01 12:22:17,27,36,24.592386,121.344172,test
b8:27:eb:e7:a3:66,2018-10-01 12:22:23,27,36,24.592386,121.344173,test
b8:27:eb:e7:a3:66,2018-10-01 12:22:28,27,35,24.592395999999997,121.344172,test
b8:27:eb:e7:a3:66,2018-10-01 12:22:34,27,36,24.592401,121.34416800000001,test
b8:27:eb:e7:a3:66,2018-10-01 12:22:39,27,36,24.592408999999996,121.344159,test
b8:27:eb:e7:a3:66,2018-10-01 12:22:45,27,36,24.59241,121.344162,test
b8:27:eb:e7:a3:66,2018-10-01 12:22:50,28,37,24.592405,121.34416499999999,test
b8:27:eb:e7:a3:66,2018-10-01 12:22:58,27,36,24.592404000000002,121.34416300000001,test
b8:27:eb:e7:a3:66,2018-10-01 12:23:03,28,36,24.592431,121.344164,test
b8:27:eb:e7:a3:66,2018-10-01 12:23:09,27,37,24.592449000000002,121.34416300000001,test
b8:27:eb:e7:a3:66,2018-10-01 12:23:14,27,35,24.592451999999998,121.344157,test
b8:27:eb:e7:a3:66,2018-10-01 12:23:20,27,35,24.592456000000002,121.344164,test
b8:27:eb:e7:a3:66,2018-10-01 12:23:25,27,35,24.592451999999998,121.34417400000001,test
b8:27:eb:e7:a3:66,2018-10-01 12:23:31,28,37,24.592431,121.34418,test
b8:27:eb:e7:a3:66,2018-10-01 12:23:36,27,35,24.592420999999998,121.344177,test
b8:27:eb:e7:a3:66,2018-10-01 12:31:21,27,35,NaN,NaN,test
b8:27:eb:e7:a3:66,2018-10-01 12:31:27,27,35,NaN,NaN,test
b8:27:eb:e7:a3:66,2018-10-01 12:31:32,27,36,24.59243,121.344167,test
b8:27:eb:e7:a3:66,2018-10-01 12:31:37,27,35,24.592426999999997,121.34414500000001,test
b8:27:eb:e7:a3:66,2018-10-01 12:31:43,28,36,24.592446,121.344162,test
b8:27:eb:e7:a3:66,2018-10-01 12:31:50,27,35,24.592461,121.344177,test
b8:27:eb:e7:a3:66,2018-10-01 12:31:56,27,35,24.592491,121.344199,test
b8:27:eb:e7:a3:66,2018-10-01 12:32:01,27,35,24.592489999999998,121.34420700000001,test
b8:27:eb:e7:a3:66,2018-10-01 12:32:07,27,35,24.592496999999998,121.344221,test
b8:27:eb:e7:a3:66,2018-10-01 12:32:12,27,35,24.592496999999998,121.344224,test
b8:27:eb:e7:a3:66,2018-10-01 16:10:41,25,36,24.5923,121.344114,test
b8:27:eb:e7:a3:66,2018-10-01 16:10:47,25,36,24.592303,121.34411899999999,test
b8:27:eb:e7:a3:66,2018-10-01 16:10:52,26,36,24.592316999999998,121.344121,test
b8:27:eb:e7:a3:66,2018-10-01 16:10:58,26,36,24.592327,121.344118,test
b8:27:eb:e7:a3:66,2018-10-01 16:11:03,25,35,24.592323,121.344114,test
b8:27:eb:e7:a3:66,2018-10-01 16:11:09,25,36,24.592334,121.344113,test
b8:27:eb:e7:a3:66,2018-10-01 16:11:14,25,36,24.592363,121.344105,test
b8:27:eb:e7:a3:66,2018-10-01 16:11:20,25,36,24.592391,121.34410700000001,test
b8:27:eb:e7:a3:66,2018-10-02 14:10:55,28,36,NaN,NaN,test
b8:27:eb:e7:a3:66,2018-10-02 14:11:01,28,35,NaN,NaN,test
b8:27:eb:e7:a3:66,2018-10-02 14:11:06,28,35,NaN,NaN,test
b8:27:eb:e7:a3:66,2018-10-02 14:11:12,28,35,NaN,NaN,test
b8:27:eb:e7:a3:66,2018-10-02 14:11:18,28,35,NaN,NaN,test
b8:27:eb:e7:a3:66,2018-10-02 14:11:23,29,34,NaN,NaN,test
b8:27:eb:e7:a3:66,2018-10-02 14:11:29,28,35,NaN,NaN,test
b8:27:eb:e7:a3:66,2018-10-02 14:11:34,28,35,NaN,NaN,test
b8:27:eb:e7:a3:66,2018-10-02 14:11:40,28,35,NaN,NaN,test
b8:27:eb:e7:a3:66,2018-10-02 14:11:45,28,36,NaN,NaN,test
b8:27:eb:e7:a3:66,2018-10-02 14:11:51,28,35,NaN,NaN,test
b8:27:eb:e7:a3:66,2018-10-02 14:11:56,28,40,NaN,NaN,test
b8:27:eb:e7:a3:66,2018-10-02 14:12:02,28,35,NaN,NaN,test
b8:27:eb:e7:a3:66,2018-10-02 14:12:07,28,35,NaN,NaN,test
b8:27:eb:e7:a3:66,2018-10-02 14:12:13,28,35,NaN,NaN,test
b8:27:eb:e7:a3:66,2018-10-02 14:12:18,27,35,NaN,NaN,test
b8:27:eb:e7:a3:66,2018-10-02 14:12:24,28,36,NaN,NaN,test
b8:27:eb:e7:a3:66,2018-10-02 14:12:29,28,35,NaN,NaN,test
b8:27:eb:e7:a3:66,2018-10-02 14:12:35,28,35,NaN,NaN,test
b8:27:eb:e7:a3:66,2018-10-02 14:13:17,28,37,NaN,NaN,test
b8:27:eb:e7:a3:66,2018-10-02 14:13:23,28,93,NaN,NaN,test
b8:27:eb:e7:a3:66,2018-10-02 14:13:28,28,35,NaN,NaN,test
b8:27:eb:e7:a3:66,2018-10-02 14:13:34,28,35,NaN,NaN,test
b8:27:eb:e7:a3:66,2018-10-02 14:13:39,28,35,NaN,NaN,test
b8:27:eb:e7:a3:66,2018-10-02 14:13:45,28,35,NaN,NaN,test
b8:27:eb:e7:a3:66,2018-10-02 14:13:50,28,36,NaN,NaN,test
b8:27:eb:e7:a3:66,2018-10-02 14:13:56,28,35,NaN,NaN,test
b8:27:eb:e7:a3:66,2018-10-02 14:14:01,28,35,NaN,NaN,test
b8:27:eb:e7:a3:66,2018-10-02 14:14:07,28,35,NaN,NaN,test
b8:27:eb:e7:a3:66,2018-10-02 14:14:12,28,35,NaN,NaN,test
b8:27:eb:e7:a3:66,2018-10-02 14:14:18,28,35,NaN,NaN,test
b8:27:eb:e7:a3:66,2018-10-02 14:14:23,28,36,NaN,NaN,test
b8:27:eb:e7:a3:66,2018-10-02 14:14:29,28,35,NaN,NaN,test
b8:27:eb:e7:a3:66,2018-10-02 14:14:34,28,35,NaN,NaN,test
b8:27:eb:e7:a3:66,2018-10-02 14:14:40,28,35,NaN,NaN,test
b8:27:eb:e7:a3:66,2018-10-02 14:14:45,28,35,NaN,NaN,test
b8:27:eb:e7:a3:66,2018-10-02 14:14:51,28,34,NaN,NaN,test
b8:27:eb:e7:a3:66,2018-10-02 14:14:56,28,35,NaN,NaN,test
b8:27:eb:e7:a3:66,2018-10-02 14:15:02,28,35,NaN,NaN,test
b8:27:eb:e7:a3:66,2018-10-02 14:15:07,28,34,NaN,NaN,test
b8:27:eb:e7:a3:66,2018-10-02 14:15:13,28,35,NaN,NaN,test
b8:27:eb:e7:a3:66,2018-10-02 14:15:18,28,35,NaN,NaN,test
b8:27:eb:e7:a3:66,2018-10-02 14:15:24,28,35,NaN,NaN,test
b8:27:eb:e7:a3:66,2018-10-02 14:15:29,28,35,NaN,NaN,test
b8:27:eb:e7:a3:66,2018-10-02 14:15:35,28,34,NaN,NaN,test
b8:27:eb:e7:a3:66,2018-10-02 14:15:40,28,35,NaN,NaN,test
b8:27:eb:e7:a3:66,2018-10-02 14:15:46,28,35,NaN,NaN,test
b8:27:eb:e7:a3:66,2018-10-02 14:15:51,28,35,NaN,NaN,test
b8:27:eb:e7:a3:66,2018-10-02 14:15:56,28,35,NaN,NaN,test
b8:27:eb:e7:a3:66,2018-10-02 14:16:02,28,35,24.591897,121.34409799999999,test
b8:27:eb:e7:a3:66,2018-10-02 14:16:07,28,34,24.592048,121.344211,test
b8:27:eb:e7:a3:66,2018-10-02 14:16:13,28,35,24.592095,121.344271,test
b8:27:eb:e7:a3:66,2018-10-02 14:16:18,28,35,24.592118,121.344296,test
b8:27:eb:e7:a3:66,2018-10-02 14:16:24,28,35,24.592125999999997,121.34431699999999,test
b8:27:eb:e7:a3:66,2018-10-02 14:16:29,28,35,24.592098,121.34433000000001,test
b8:27:eb:e7:a3:66,2018-10-02 14:16:35,28,35,24.592088,121.34434800000001,test
b8:27:eb:e7:a3:66,2018-10-02 14:16:40,28,35,24.592097,121.344388,test
b8:27:eb:e7:a3:66,2018-10-02 14:16:46,28,34,24.592091,121.344421,test
b8:27:eb:e7:a3:66,2018-10-02 14:16:51,28,35,24.592095,121.34448700000002,test
b8:27:eb:e7:a3:66,2018-10-02 14:16:57,29,33,24.59207,121.34449699999999,test
b8:27:eb:e7:a3:66,2018-10-02 14:17:02,28,34,24.592033999999998,121.34450000000001,test
b8:27:eb:e7:a3:66,2018-10-02 14:17:07,28,35,24.592008999999997,121.344513,test
b8:27:eb:e7:a3:66,2018-10-02 14:17:13,28,34,24.591981999999998,121.344516,test
b8:27:eb:e7:a3:66,2018-10-02 14:17:18,29,33,24.59196,121.344504,test
b8:27:eb:e7:a3:66,2018-10-02 14:17:24,28,34,24.591936999999998,121.344485,test
b8:27:eb:e7:a3:66,2018-10-02 14:17:29,28,34,24.591921000000003,121.34448200000001,test
b8:27:eb:e7:a3:66,2018-10-02 14:17:35,29,33,24.591891999999998,121.34447899999999,test
b8:27:eb:e7:a3:66,2018-10-02 14:17:40,29,33,24.591859,121.34447200000001,test
b8:27:eb:e7:a3:66,2018-10-02 14:17:46,28,35,24.591821,121.34446799999999,test
b8:27:eb:e7:a3:66,2018-10-02 14:17:51,29,33,24.591785,121.344452,test
b8:27:eb:e7:a3:66,2018-10-02 14:17:57,29,33,24.59176,121.344456,test
b8:27:eb:e7:a3:66,2018-10-02 14:18:02,29,33,24.591720999999996,121.344478,test
b8:27:eb:e7:a3:66,2018-10-02 14:18:08,29,33,24.591689000000002,121.344457,test
b8:27:eb:e7:a3:66,2018-10-02 14:18:13,29,33,24.591662999999997,121.344461,test
b8:27:eb:e7:a3:66,2018-10-02 14:18:19,29,34,24.591638,121.34447899999999,test
b8:27:eb:e7:a3:66,2018-10-02 14:18:24,29,33,24.591606000000002,121.34449699999999,test
b8:27:eb:e7:a3:66,2018-10-02 14:18:29,29,33,24.591586000000003,121.344514,test
b8:27:eb:e7:a3:66,2018-10-02 14:18:35,29,33,24.591563,121.344536,test
b8:27:eb:e7:a3:66,2018-10-02 14:18:40,29,33,24.591536,121.344559,test
b8:27:eb:e7:a3:66,2018-10-02 14:18:46,29,33,24.591499,121.344554,test
b8:27:eb:e7:a3:66,2018-10-02 14:18:51,29,33,24.591462999999997,121.344536,test
b8:27:eb:e7:a3:66,2018-10-02 14:18:57,29,33,24.591419000000002,121.344507,test
b8:27:eb:e7:a3:66,2018-10-02 14:19:02,29,33,24.591378,121.344461,test
b8:27:eb:e7:a3:66,2018-10-02 14:19:08,29,33,24.591344,121.34445,test
b8:27:eb:e7:a3:66,2018-10-02 14:19:13,29,33,24.591300999999998,121.34445299999999,test
b8:27:eb:e7:a3:66,2018-10-02 14:19:19,29,33,24.591268,121.34446299999999,test
b8:27:eb:e7:a3:66,2018-10-02 14:19:24,30,33,24.591236,121.344481,test
b8:27:eb:e7:a3:66,2018-10-02 14:19:30,30,33,24.591217,121.344485,test
b8:27:eb:e7:a3:66,2018-10-02 14:19:35,30,33,24.591195,121.34448200000001,test
b8:27:eb:e7:a3:66,2018-10-02 14:19:41,30,33,24.591169,121.344491,test
b8:27:eb:e7:a3:66,2018-10-02 14:19:46,30,33,24.591136000000002,121.344498,test
b8:27:eb:e7:a3:66,2018-10-02 14:19:51,30,33,24.591122999999996,121.344511,test
b8:27:eb:e7:a3:66,2018-10-02 14:19:57,30,33,24.59111,121.344526,test
b8:27:eb:e7:a3:66,2018-10-02 14:20:02,30,33,24.591112,121.344526,test
b8:27:eb:e7:a3:66,2018-10-02 14:20:08,30,33,24.591125,121.344536,test
b8:27:eb:e7:a3:66,2018-10-02 14:20:13,30,33,24.591140999999997,121.34453400000001,test
b8:27:eb:e7:a3:66,2018-10-02 14:20:19,30,33,24.59115,121.344527,test
b8:27:eb:e7:a3:66,2018-10-02 14:20:24,30,33,24.591174000000002,121.344516,test
b8:27:eb:e7:a3:66,2018-10-02 14:20:30,30,33,24.591207,121.34450000000001,test
b8:27:eb:e7:a3:66,2018-10-02 14:20:35,30,33,24.591239,121.344486,test
b8:27:eb:e7:a3:66,2018-10-02 14:20:41,30,33,24.591274,121.34446700000001,test
b8:27:eb:e7:a3:66,2018-10-02 14:20:46,30,33,24.591302999999996,121.344452,test
b8:27:eb:e7:a3:66,2018-10-02 14:20:52,30,33,24.59133,121.34443900000001,test
b8:27:eb:e7:a3:66,2018-10-02 14:20:57,31,32,24.591365999999997,121.344422,test
b8:27:eb:e7:a3:66,2018-10-02 14:21:03,31,32,24.591396,121.344408,test
b8:27:eb:e7:a3:66,2018-10-02 14:21:08,32,33,24.59143,121.34439200000001,test
b8:27:eb:e7:a3:66,2018-10-02 14:21:14,33,31,24.591458,121.34437799999999,test
b8:27:eb:e7:a3:66,2018-10-02 14:21:19,33,30,24.591503,121.344364,test
b8:27:eb:e7:a3:66,2018-10-02 14:21:25,33,31,24.591541000000003,121.344358,test
b8:27:eb:e7:a3:66,2018-10-02 14:21:30,34,31,24.591585,121.344364,test
b8:27:eb:e7:a3:66,2018-10-02 14:21:36,33,31,24.591621,121.344375,test
b8:27:eb:e7:a3:66,2018-10-02 14:21:41,33,31,24.59166,121.344394,test
b8:27:eb:e7:a3:66,2018-10-02 14:21:46,33,31,24.591694000000004,121.344421,test
b8:27:eb:e7:a3:66,2018-10-02 14:21:52,33,31,24.591712,121.344459,test
b8:27:eb:e7:a3:66,2018-10-02 14:21:57,32,32,24.591725,121.344521,test
b8:27:eb:e7:a3:66,2018-10-02 14:22:03,32,32,24.59174,121.344591,test
b8:27:eb:e7:a3:66,2018-10-02 14:22:08,32,32,24.591756,121.344635,test
b8:27:eb:e7:a3:66,2018-10-02 14:22:14,31,32,24.591779000000002,121.344689,test
b8:27:eb:e7:a3:66,2018-10-02 14:22:19,31,32,24.591794,121.344706,test
b8:27:eb:e7:a3:66,2018-10-02 14:22:25,31,32,24.59182,121.344713,test
b8:27:eb:e7:a3:66,2018-10-02 14:22:30,31,32,24.591832,121.34469499999999,test
b8:27:eb:e7:a3:66,2018-10-02 14:22:36,31,32,24.591858000000002,121.344684,test
b8:27:eb:e7:a3:66,2018-10-02 14:22:41,31,32,24.591909,121.34467199999999,test
b8:27:eb:e7:a3:66,2018-10-02 14:22:47,31,32,24.591945999999997,121.344679,test
b8:27:eb:e7:a3:66,2018-10-02 14:22:52,31,32,24.59199,121.344686,test
b8:27:eb:e7:a3:66,2018-10-02 14:22:58,31,32,24.592024000000002,121.344691,test
b8:27:eb:e7:a3:66,2018-10-02 14:23:03,31,32,24.592064999999998,121.344701,test
b8:27:eb:e7:a3:66,2018-10-02 14:23:08,33,31,24.592102,121.344717,test
b8:27:eb:e7:a3:66,2018-10-02 14:23:14,33,31,24.592124,121.344749,test
b8:27:eb:e7:a3:66,2018-10-02 14:23:19,33,31,24.592146,121.344764,test
b8:27:eb:e7:a3:66,2018-10-02 14:23:25,33,31,24.592188,121.34477999999999,test
b8:27:eb:e7:a3:66,2018-10-02 14:23:30,33,31,24.592224,121.344802,test
b8:27:eb:e7:a3:66,2018-10-02 14:23:36,34,31,24.592271,121.344817,test
b8:27:eb:e7:a3:66,2018-10-02 14:23:41,33,31,24.592321000000002,121.344829,test
b8:27:eb:e7:a3:66,2018-10-02 14:23:47,33,31,24.592363999999996,121.34484700000002,test
b8:27:eb:e7:a3:66,2018-10-02 14:23:52,33,31,24.592415000000003,121.344867,test
b8:27:eb:e7:a3:66,2018-10-02 14:23:58,33,31,24.592453,121.344866,test
b8:27:eb:e7:a3:66,2018-10-02 14:24:03,34,31,24.592484,121.344836,test
b8:27:eb:e7:a3:66,2018-10-02 14:24:09,34,31,24.592491,121.344801,test
b8:27:eb:e7:a3:66,2018-10-02 14:24:14,34,31,24.592496,121.34477500000001,test
b8:27:eb:e7:a3:66,2018-10-02 14:24:19,34,31,24.592508,121.344739,test
b8:27:eb:e7:a3:66,2018-10-02 14:24:25,34,31,24.592523,121.344689,test
b8:27:eb:e7:a3:66,2018-10-02 14:24:30,32,31,24.592498999999997,121.344634,test
b8:27:eb:e7:a3:66,2018-10-02 14:24:36,34,31,24.592469,121.344593,test
b8:27:eb:e7:a3:66,2018-10-02 14:24:41,33,31,24.592448,121.34455799999999,test
b8:27:eb:e7:a3:66,2018-10-02 14:24:47,33,31,24.592431,121.344512,test
b8:27:eb:e7:a3:66,2018-10-02 14:24:52,33,31,24.592426999999997,121.344461,test
b8:27:eb:e7:a3:66,2018-10-02 14:24:58,33,30,24.592406,121.344416,test
b8:27:eb:e7:a3:66,2018-10-02 14:25:03,34,31,24.59238,121.344391,test
b8:27:eb:e7:a3:66,2018-10-02 14:25:09,33,31,24.592347,121.34437799999999,test
b8:27:eb:e7:a3:66,2018-10-02 14:25:14,33,31,24.592316999999998,121.344364,test
b8:27:eb:e7:a3:66,2018-10-02 14:25:20,33,31,24.592291,121.344356,test
b8:27:eb:e7:a3:66,2018-10-02 14:25:25,33,31,24.592262,121.34434800000001,test
b8:27:eb:e7:a3:66,2018-10-02 14:25:31,33,31,24.592257,121.34430700000001,test
b8:27:eb:e7:a3:66,2018-10-02 14:25:36,32,32,24.592249000000002,121.344252,test
b8:27:eb:e7:a3:66,2018-10-02 14:25:42,33,31,24.592253999999997,121.34421,test
b8:27:eb:e7:a3:66,2018-10-02 14:25:47,32,32,24.592240999999998,121.34417499999999,test
b8:27:eb:e7:a3:66,2018-10-02 14:25:52,32,32,24.592235000000002,121.34415800000001,test
b8:27:eb:e7:a3:66,2018-10-02 14:25:58,32,32,24.592226999999998,121.344156,test
b8:27:eb:e7:a3:66,2018-10-02 14:26:03,32,32,24.592228,121.344139,test
b8:27:eb:e7:a3:66,2018-10-02 14:26:09,32,32,24.592239,121.34413,test
b8:27:eb:e7:a3:66,2018-10-02 14:26:14,32,32,24.592249000000002,121.344126,test
b8:27:eb:e7:a3:66,2018-10-02 14:26:20,32,32,24.592239,121.34415000000001,test
b8:27:eb:e7:a3:66,2018-10-02 14:26:25,31,32,24.59224,121.344151,test
b8:27:eb:e7:a3:66,2018-10-02 14:26:31,31,32,24.592258,121.344141,test
b8:27:eb:e7:a3:66,2018-10-02 14:26:36,31,32,24.59227,121.344133,test
b8:27:eb:e7:a3:66,2018-10-02 14:26:42,31,32,24.592285,121.344124,test
b8:27:eb:e7:a3:66,2018-10-02 14:26:47,31,32,24.592206,121.34411700000001,test
b8:27:eb:e7:a3:66,2018-10-02 14:26:53,31,32,24.592157999999998,121.34411899999999,test
b8:27:eb:e7:a3:66,2018-10-02 14:26:58,31,32,24.592117,121.34412200000001,test
b8:27:eb:e7:a3:66,2018-10-02 14:27:04,31,32,24.592083,121.344125,test
b8:27:eb:e7:a3:66,2018-10-02 14:27:09,31,32,24.592105,121.344148,test
b8:27:eb:e7:a3:66,2018-10-02 14:27:15,31,32,24.59208,121.344149,test
b8:27:eb:e7:a3:66,2018-10-02 14:27:20,31,32,24.592198,121.344124,test
b8:27:eb:e7:a3:66,2018-10-02 14:27:25,31,32,24.592314000000002,121.34404500000001,test
b8:27:eb:e7:a3:66,2018-10-02 14:27:31,31,32,24.592366000000002,121.343974,test
b8:27:eb:e7:a3:66,2018-10-02 14:27:36,31,32,24.592401,121.343926,test
b8:27:eb:e7:a3:66,2018-10-02 14:27:42,31,32,24.592433,121.34387199999999,test
b8:27:eb:e7:a3:66,2018-10-08 11:10:12,26,37,NaN,NaN,test
b8:27:eb:e7:a3:66,2018-10-08 11:10:18,26,36,NaN,NaN,test
b8:27:eb:e7:a3:66,2018-10-08 11:10:23,25,37,NaN,NaN,test
b8:27:eb:e7:a3:66,2018-10-08 11:10:29,26,36,NaN,NaN,test
b8:27:eb:e7:a3:66,2018-10-08 11:10:34,26,36,NaN,NaN,test
b8:27:eb:e7:a3:66,2018-10-08 11:10:40,26,36,NaN,NaN,test
b8:27:eb:e7:a3:66,2018-10-08 11:10:45,26,36,NaN,NaN,test
b8:27:eb:e7:a3:66,2018-10-08 11:17:20,26,36,NaN,NaN,test
b8:27:eb:e7:a3:66,2018-10-08 11:17:26,27,35,NaN,NaN,test
b8:27:eb:e7:a3:66,2018-10-08 11:17:32,25,36,NaN,NaN,test
b8:27:eb:e7:a3:66,2018-10-08 11:17:38,25,37,0.01,NaN,test
b8:27:eb:e7:a3:66,2018-10-08 11:17:44,25,35,NaN,NaN,test
b8:27:eb:e7:a3:66,2018-10-08 11:17:50,25,36,NaN,NaN,test
b8:27:eb:e7:a3:66,2018-10-08 11:17:56,25,36,NaN,NaN,test
b8:27:eb:e7:a3:66,2018-10-08 11:18:02,25,36,NaN,NaN,test
b8:27:eb:e7:a3:66,2018-10-08 11:18:08,25,36,NaN,NaN,test
b8:27:eb:e7:a3:66,2018-10-08 11:18:14,25,37,NaN,NaN,test
b8:27:eb:e7:a3:66,2018-10-08 11:18:21,25,36,NaN,NaN,test
b8:27:eb:e7:a3:66,2018-10-08 11:18:28,25,36,NaN,NaN,test
b8:27:eb:e7:a3:66,2018-10-08 11:18:34,25,36,NaN,NaN,test
b8:27:eb:e7:a3:66,2018-10-08 11:18:40,26,37,NaN,NaN,test
b8:27:eb:e7:a3:66,2018-10-08 11:18:49,27,36,NaN,NaN,test
b8:27:eb:e7:a3:66,2018-10-08 11:18:55,28,36,NaN,NaN,test
b8:27:eb:e7:a3:66,2018-10-08 11:19:01,29,35,NaN,NaN,test
b8:27:eb:e7:a3:66,2018-10-08 11:19:07,29,36,NaN,NaN,test
b8:27:eb:e7:a3:66,2018-10-08 11:19:13,29,36,NaN,NaN,test
b8:27:eb:e7:a3:66,2018-10-08 11:19:20,29,35,NaN,NaN,test
b8:27:eb:e7:a3:66,2018-10-08 11:19:26,30,36,NaN,NaN,test
b8:27:eb:e7:a3:66,2018-10-08 11:19:32,30,35,NaN,NaN,test
b8:27:eb:e7:a3:66,2018-10-08 11:19:38,30,35,NaN,NaN,test
b8:27:eb:e7:a3:66,2018-10-08 11:19:44,31,34,NaN,NaN,test
b8:27:eb:e7:a3:66,2018-10-08 11:19:51,31,34,NaN,NaN,test
b8:27:eb:e7:a3:66,2018-10-08 11:19:57,31,34,NaN,NaN,test
b8:27:eb:e7:a3:66,2018-10-08 11:20:03,31,34,NaN,NaN,test
b8:27:eb:e7:a3:66,2018-10-08 11:20:09,32,34,NaN,NaN,test
b8:27:eb:e7:a3:66,2018-10-08 11:20:15,32,34,NaN,NaN,test
b8:27:eb:e7:a3:66,2018-10-08 11:20:20,32,34,NaN,NaN,test
b8:27:eb:e7:a3:66,2018-10-08 11:20:26,33,32,NaN,NaN,test
b8:27:eb:e7:a3:66,2018-10-08 11:20:33,32,34,NaN,NaN,test
b8:27:eb:e7:a3:66,2018-10-08 11:20:38,31,33,NaN,NaN,test
b8:27:eb:e7:a3:66,2018-10-08 11:20:44,33,33,NaN,NaN,test
b8:27:eb:e7:a3:66,2018-10-08 11:20:50,33,33,NaN,NaN,test
b8:27:eb:e7:a3:66,2018-10-08 11:20:56,33,33,NaN,NaN,test
b8:27:eb:e7:a3:66,2018-10-08 11:21:02,34,34,NaN,NaN,test
b8:27:eb:e7:a3:66,2018-10-08 11:21:09,33,32,NaN,NaN,test
b8:27:eb:e7:a3:66,2018-10-08 11:21:15,34,34,NaN,NaN,test
b8:27:eb:e7:a3:66,2018-10-08 11:21:21,33,32,NaN,NaN,test
b8:27:eb:e7:a3:66,2018-10-08 11:21:27,34,33,NaN,NaN,test
b8:27:eb:e7:a3:66,2018-10-08 11:21:34,34,33,NaN,NaN,test
b8:27:eb:e7:a3:66,2018-10-08 11:21:40,34,34,NaN,NaN,test
b8:27:eb:e7:a3:66,2018-10-08 11:21:46,34,32,NaN,NaN,test
b8:27:eb:e7:a3:66,2018-10-08 11:21:53,34,32,NaN,NaN,test
b8:27:eb:e7:a3:66,2018-10-08 11:21:59,34,32,NaN,NaN,test
b8:27:eb:e7:a3:66,2018-10-08 11:22:05,35,31,NaN,NaN,test
b8:27:eb:e7:a3:66,2018-10-08 11:22:10,35,31,NaN,NaN,test
b8:27:eb:e7:a3:66,2018-10-08 11:22:16,35,31,NaN,NaN,test
b8:27:eb:e7:a3:66,2018-10-08 11:22:22,35,32,NaN,NaN,test
b8:27:eb:e7:a3:66,2018-10-08 11:22:27,35,31,NaN,NaN,test
b8:27:eb:e7:a3:66,2018-10-08 11:22:33,35,32,22.575821,120.155426,test
b8:27:eb:e7:a3:66,2018-10-08 11:22:38,35,32,22.575785,120.155406,test
b8:27:eb:e7:a3:66,2018-10-08 11:22:44,34,31,22.575785,120.155406,test
b8:27:eb:e7:a3:66,2018-10-08 11:22:49,35,32,22.575785,120.155406,test
b8:27:eb:e7:a3:66,2018-10-08 11:22:55,35,33,22.575785,120.155406,test
b8:27:eb:e7:a3:66,2018-10-08 11:23:00,35,31,22.575785,120.155406,test
b8:27:eb:e7:a3:66,2018-10-08 11:23:06,35,31,22.575785,120.155406,test
b8:27:eb:e7:a3:66,2018-10-08 11:23:11,35,33,22.575785,120.155406,test
b8:27:eb:e7:a3:66,2018-10-08 11:23:17,35,34,22.575785,120.155406,test
b8:27:eb:e7:a3:66,2018-10-08 11:23:22,35,31,22.575785,120.155406,test
b8:27:eb:e7:a3:66,2018-10-08 11:23:28,35,32,22.575785,120.155406,test
b8:27:eb:e7:a3:66,2018-10-08 11:23:33,35,32,22.575785,120.155406,test
b8:27:eb:e7:a3:66,2018-10-08 11:23:38,35,32,22.575785,120.155406,test
b8:27:eb:e7:a3:66,2018-10-08 11:23:44,35,31,22.575785,120.155406,test
b8:27:eb:e7:a3:66,2018-10-08 11:23:49,35,33,22.575785,120.155406,test
b8:27:eb:e7:a3:66,2018-10-08 11:23:55,35,31,22.575785,120.155406,test
b8:27:eb:e7:a3:66,2018-10-08 11:24:00,36,32,22.575785,120.155406,test
b8:27:eb:e7:a3:66,2018-10-08 11:24:06,36,32,22.575785,120.155406,test
b8:27:eb:e7:a3:66,2018-10-08 11:24:11,36,31,22.575785,120.155406,test
b8:27:eb:e7:a3:66,2018-10-08 11:24:17,36,31,22.575785,120.155406,test
b8:27:eb:e7:a3:66,2018-10-08 11:24:22,36,31,22.575785,120.155406,test
b8:27:eb:e7:a3:66,2018-10-08 11:24:28,36,31,22.575785,120.155406,test
b8:27:eb:e7:a3:66,2018-10-08 11:24:33,36,31,22.575785,120.155406,test
b8:27:eb:e7:a3:66,2018-10-08 11:24:39,37,32,22.575785,120.155406,test
b8:27:eb:e7:a3:66,2018-10-08 11:24:44,37,30,22.575785,120.155406,test
b8:27:eb:e7:a3:66,2018-10-08 11:24:50,37,32,22.575785,120.155406,test
b8:27:eb:e7:a3:66,2018-10-08 11:24:55,37,30,22.575785,120.155406,test
b8:27:eb:e7:a3:66,2018-10-08 11:25:01,36,31,22.575785,120.155406,test
b8:27:eb:e7:a3:66,2018-10-08 11:25:06,37,31,22.575785,120.155406,test
b8:27:eb:e7:a3:66,2018-10-08 11:25:11,37,30,22.575785,120.155406,test
b8:27:eb:e7:a3:66,2018-10-08 11:25:17,37,30,22.575785,120.155406,test
b8:27:eb:e7:a3:66,2018-10-08 11:25:22,37,30,22.575785,120.155406,test
b8:27:eb:e7:a3:66,2018-10-08 11:25:28,38,30,22.575785,120.155406,test
b8:27:eb:e7:a3:66,2018-10-08 11:25:34,38,30,22.575785,120.155406,test
b8:27:eb:e7:a3:66,2018-10-16 15:19:15,26,47,NaN,NaN,test
b8:27:eb:e7:a3:66,2018-10-16 15:19:21,26,47,NaN,NaN,test
b8:27:eb:e7:a3:66,2018-10-16 15:19:26,26,46,NaN,NaN,test
b8:27:eb:e7:a3:66,2018-10-16 15:21:31,26,44,24.591943,121.344143,test
b8:27:eb:e7:a3:66,2018-10-16 15:25:15,26,38,NaN,NaN,test
b8:27:eb:e7:a3:66,2018-10-16 15:25:20,25,37,NaN,NaN,test
b8:27:eb:e7:a3:66,2018-10-16 15:33:27,25,40,NaN,NaN,test
b8:27:eb:e7:a3:66,2018-10-16 15:33:38,26,38,NaN,NaN,test
b8:27:eb:e7:a3:66,2018-10-16 15:33:48,26,38,NaN,NaN,test
b8:27:eb:e7:a3:66,2018-10-16 15:33:59,26,40,NaN,NaN,test
b8:27:eb:e7:a3:66,2018-10-16 15:34:09,26,40,NaN,NaN,test
b8:27:eb:e7:a3:66,2018-10-16 15:34:20,26,39,NaN,NaN,test
b8:27:eb:e7:a3:66,2018-10-16 15:34:30,26,41,NaN,NaN,test
b8:27:eb:e7:a3:66,2018-10-16 15:34:41,26,41,NaN,NaN,test
b8:27:eb:e7:a3:66,2018-10-16 15:34:51,26,39,NaN,NaN,test
b8:27:eb:e7:a3:66,2018-10-16 15:35:02,26,39,NaN,NaN,test
b8:27:eb:e7:a3:66,2018-10-16 15:35:12,26,41,NaN,NaN,test
b8:27:eb:e7:a3:66,2018-10-16 15:35:23,26,40,NaN,NaN,test
b8:27:eb:e7:a3:66,2018-10-16 15:35:33,26,39,NaN,NaN,test
b8:27:eb:e7:a3:66,2018-10-16 15:35:43,26,40,NaN,NaN,test
b8:27:eb:e7:a3:66,2018-10-16 15:35:54,26,40,NaN,NaN,test
b8:27:eb:e7:a3:66,2018-10-16 15:47:58,27,46,24.592312000000003,121.344094,test
b8:27:eb:e7:a3:66,2018-10-16 15:48:08,26,45,24.592319000000003,121.344109,test
b8:27:eb:e7:a3:66,2018-10-16 15:48:19,27,45,24.592311,121.344114,test
b8:27:eb:e7:a3:66,2018-10-16 15:48:29,26,46,24.592288,121.34411,test
b8:27:eb:e7:a3:66,2018-10-16 15:48:40,28,45,24.592284,121.344105,test
b8:27:eb:e7:a3:66,2018-10-16 15:48:50,26,48,24.592292999999998,121.344116,test
b8:27:eb:e7:a3:66,2018-10-16 15:49:01,26,45,24.592305,121.34411700000001,test
b8:27:eb:e7:a3:66,2018-10-16 15:51:28,27,48,24.592513,121.344106,test
b8:27:eb:e7:a3:66,2018-10-16 15:51:38,26,46,24.592498,121.34410299999999,test
b8:27:eb:e7:a3:66,2018-10-16 15:51:49,26,47,24.592473,121.344101,test
b8:27:eb:e7:a3:66,2018-10-16 15:51:59,27,45,24.592467000000003,121.34410299999999,test
b8:27:eb:e7:a3:66,2018-10-16 15:52:10,26,46,24.592469,121.344115,test
b8:27:eb:e7:a3:66,2018-10-16 15:52:20,27,47,24.592456000000002,121.344129,test
b8:27:eb:e7:a3:66,2018-10-16 20:06:49,0,0,24.592379,121.344086,test
b8:27:eb:e7:a3:66,2018-10-16 20:07:00,24,37,24.592416,121.344101,test
b8:27:eb:e7:a3:66,2018-10-16 20:07:10,24,37,24.592388,121.344039,test
b8:27:eb:e7:a3:66,2018-10-16 20:07:21,24,37,24.592361999999998,121.344054,test
b8:27:eb:e7:a3:66,2018-10-16 20:07:31,24,37,24.59238,121.34406999999999,test
b8:27:eb:e7:a3:66,2018-10-16 20:07:42,24,37,24.592424,121.344061,test
b8:27:eb:e7:a3:66,2018-10-16 20:07:52,24,37,24.592464,121.344042,test
b8:27:eb:e7:a3:66,2018-10-16 20:08:03,23,37,24.592373,121.34403,test
b8:27:eb:e7:a3:66,2018-10-16 20:08:13,24,37,24.592298,121.343984,test
b8:27:eb:e7:a3:66,2018-10-16 20:08:24,24,38,24.592341,121.343984,test
b8:27:eb:e7:a3:66,2018-10-16 20:08:34,24,37,24.592329,121.34398499999999,test
b8:27:eb:e7:a3:66,2018-10-16 20:08:45,24,37,24.592328000000002,121.344031,test
b8:27:eb:e7:a3:66,2018-10-16 20:08:55,24,37,24.592321000000002,121.34405500000001,test
b8:27:eb:e7:a3:66,2018-10-16 20:09:06,24,37,24.592271999999998,121.344062,test
b8:27:eb:e7:a3:66,2018-10-16 20:09:16,8,38,24.592284,121.34409600000001,test
b8:27:eb:e7:a3:66,2018-10-16 20:09:27,23,37,24.592322,121.34412700000001,test
b8:27:eb:e7:a3:66,2018-10-16 20:09:37,23,37,24.592386,121.344167,test
b8:27:eb:e7:a3:66,2018-10-16 20:09:47,24,37,24.592401,121.344179,test
b8:27:eb:e7:a3:66,2018-10-16 20:09:58,24,37,24.592408999999996,121.34419,test
b8:27:eb:e7:a3:66,2018-10-16 20:10:08,24,37,24.592346,121.34414500000001,test
b8:27:eb:e7:a3:66,2018-10-16 20:10:19,24,37,24.592348,121.344121,test
b8:27:eb:e7:a3:66,2018-10-16 20:10:29,23,38,24.592426,121.344141,test
b8:27:eb:e7:a3:66,2018-10-16 20:10:40,24,37,24.592503,121.34418299999999,test
b8:27:eb:e7:a3:66,2018-10-16 20:10:50,24,37,24.592633999999997,121.344243,test
b8:27:eb:e7:a3:66,2018-10-16 20:11:01,24,37,24.59279,121.34432699999999,test
b8:27:eb:e7:a3:66,2018-10-16 20:11:11,24,37,24.592358,121.344132,test
b8:27:eb:e7:a3:66,2018-10-16 20:11:22,24,37,24.592363999999996,121.344157,test
b8:27:eb:e7:a3:66,2018-10-16 20:11:32,24,37,24.592398,121.34418600000001,test
b8:27:eb:e7:a3:66,2018-10-16 20:11:43,24,37,24.592381999999997,121.344171,test
b8:27:eb:e7:a3:66,2018-10-16 20:11:53,24,37,24.592402000000003,121.344166,test
b8:27:eb:e7:a3:66,2018-10-16 20:12:04,24,38,24.59243,121.34415000000001,test
b8:27:eb:e7:a3:66,2018-10-16 20:12:14,24,37,24.592438,121.344144,test
b8:27:eb:e7:a3:66,2018-10-16 20:12:25,24,37,24.592433,121.34414199999999,test
b8:27:eb:e7:a3:66,2018-10-16 20:12:35,24,37,24.592458999999998,121.344152,test
b8:27:eb:e7:a3:66,2018-10-16 20:12:46,25,36,24.592477,121.344148,test
b8:27:eb:e7:a3:66,2018-10-16 20:12:56,24,37,24.592448,121.34414000000001,test
b8:27:eb:e7:a3:66,2018-10-16 20:13:07,24,37,24.592458999999998,121.34412200000001,test
b8:27:eb:e7:a3:66,2018-10-16 20:13:17,24,37,24.592462,121.34405699999999,test
b8:27:eb:e7:a3:66,2018-10-16 20:13:27,24,37,24.592458,121.344041,test
b8:27:eb:e7:a3:66,2018-10-16 20:13:38,24,38,24.592467000000003,121.344005,test
b8:27:eb:e7:a3:66,2018-10-16 20:13:48,25,36,24.592468,121.34402,test
b8:27:eb:e7:a3:66,2018-10-16 20:13:59,24,37,24.592443,121.34401,test
b8:27:eb:e7:a3:66,2018-10-16 20:14:09,24,37,24.592416,121.344,test
b8:27:eb:e7:a3:66,2018-10-16 20:14:20,24,37,24.592401,121.344034,test
b8:27:eb:e7:a3:66,2018-10-16 20:14:30,24,38,24.592386,121.344203,test
b8:27:eb:e7:a3:66,2018-10-16 20:14:41,24,38,24.592403,121.344192,test
b8:27:eb:e7:a3:66,2018-10-16 20:14:51,25,38,24.592354,121.344176,test
b8:27:eb:e7:a3:66,2018-10-16 20:15:02,24,38,24.592343999999997,121.344206,test
b8:27:eb:e7:a3:66,2018-10-16 20:15:12,24,38,24.592342,121.34416999999999,test
b8:27:eb:e7:a3:66,2018-10-16 20:15:23,24,39,24.592385,121.344132,test
b8:27:eb:e7:a3:66,2018-10-16 20:15:33,24,38,24.592413,121.344109,test
b8:27:eb:e7:a3:66,2018-10-16 20:15:44,24,38,24.592417,121.344101,test
b8:27:eb:e7:a3:66,2018-10-16 20:15:54,24,38,24.592408,121.344091,test
b8:27:eb:e7:a3:66,2018-10-16 20:52:28,23,37,24.592354,121.344109,test
b8:27:eb:e7:a3:66,2018-10-16 20:52:39,24,38,24.592357000000003,121.344081,test
b8:27:eb:e7:a3:66,2018-10-16 20:52:49,24,37,24.592328000000002,121.344109,test
b8:27:eb:e7:a3:66,2018-10-16 20:53:00,24,37,24.592326,121.34411899999999,test
b8:27:eb:e7:a3:66,2018-10-16 20:53:10,23,38,24.592326,121.34413,test
b8:27:eb:e7:a3:66,2018-10-16 20:53:21,24,37,24.59233,121.34414000000001,test
b8:27:eb:e7:a3:66,2018-10-16 20:53:31,24,37,24.592343999999997,121.34415800000001,test
b8:27:eb:e7:a3:66,2018-10-16 20:53:42,24,37,24.592352,121.34416800000001,test
b8:27:eb:e7:a3:66,2018-10-16 20:53:52,24,37,24.592349,121.344167,test
b8:27:eb:e7:a3:66,2018-10-16 20:54:03,24,37,24.592349,121.34416900000001,test
b8:27:eb:e7:a3:66,2018-10-16 20:54:13,24,37,24.592330999999998,121.344157,test
b8:27:eb:e7:a3:66,2018-10-16 20:54:24,24,37,24.592328000000002,121.344157,test
b8:27:eb:e7:a3:66,2018-10-16 20:54:34,24,38,NaN,NaN,test
b8:27:eb:e7:a3:66,2018-10-16 20:54:45,24,38,24.592336,121.34416300000001,test
b8:27:eb:e7:a3:66,2018-10-16 20:54:55,24,38,24.592328000000002,121.344156,test
b8:27:eb:e7:a3:66,2018-10-16 20:55:06,24,38,24.592328000000002,121.344153,test
b8:27:eb:e7:a3:66,2018-10-16 20:55:16,24,38,24.592323999999998,121.34415000000001,test
b8:27:eb:e7:a3:66,2018-10-16 20:55:27,22,37,24.592326,121.34415000000001,test
b8:27:eb:e7:a3:66,2018-10-16 20:55:37,24,37,24.592313,121.34413699999999,test
b8:27:eb:e7:a3:66,2018-10-16 20:55:47,24,38,24.592319000000003,121.344138,test
b8:27:eb:e7:a3:66,2018-10-16 20:55:58,24,38,24.592314000000002,121.344134,test
b8:27:eb:e7:a3:66,2018-10-16 20:56:08,24,37,24.592311,121.344121,test
b8:27:eb:e7:a3:66,2018-10-16 20:56:19,24,40,24.592323999999998,121.344131,test
b8:27:eb:e7:a3:66,2018-10-16 20:56:29,24,38,24.592330999999998,121.344148,test
b8:27:eb:e7:a3:66,2018-10-16 20:56:40,24,38,24.59234,121.344149,test
b8:27:eb:e7:a3:66,2018-10-16 20:56:50,24,38,24.592343,121.344114,test
b8:27:eb:e7:a3:66,2018-10-16 20:57:01,24,38,24.592330999999998,121.34408400000001,test
b8:27:eb:e7:a3:66,2018-10-16 20:57:12,24,38,24.592335,121.34403200000001,test
b8:27:eb:e7:a3:66,2018-10-16 20:57:22,24,38,24.592363,121.344094,test
b8:27:eb:e7:a3:66,2018-10-16 20:57:32,24,38,24.59239,121.344149,test
b8:27:eb:e7:a3:66,2018-10-16 20:57:43,24,39,24.592435000000002,121.344178,test
b8:27:eb:e7:a3:66,2018-10-16 20:57:53,24,40,24.592457,121.344109,test
b8:27:eb:e7:a3:66,2018-10-16 20:58:04,24,38,24.592350999999997,121.344092,test
b8:27:eb:e7:a3:66,2018-10-16 20:58:14,24,38,24.592375999999998,121.344185,test
b8:27:eb:e7:a3:66,2018-10-16 20:58:25,24,38,24.592337,121.344153,test
b8:27:eb:e7:a3:66,2018-10-16 20:58:35,24,38,24.592343999999997,121.344141,test
b8:27:eb:e7:a3:66,2018-10-16 20:58:46,24,38,24.592283000000002,121.344139,test
b8:27:eb:e7:a3:66,2018-10-16 20:58:56,24,38,24.592330999999998,121.34414500000001,test
b8:27:eb:e7:a3:66,2018-10-16 20:59:07,25,37,24.592312000000003,121.344173,test
b8:27:eb:e7:a3:66,2018-10-16 20:59:17,24,39,24.592334,121.344184,test
b8:27:eb:e7:a3:66,2018-10-16 20:59:28,24,38,24.592288,121.34420899999999,test
b8:27:eb:e7:a3:66,2018-10-16 22:07:00,24,40,24.592437,121.344116,test
b8:27:eb:e7:a3:66,2018-10-16 22:07:11,24,39,24.592393,121.343981,test
b8:27:eb:e7:a3:66,2018-10-16 22:07:21,24,40,24.592427999999998,121.344053,test
b8:27:eb:e7:a3:66,2018-10-16 22:07:32,24,39,24.592447000000003,121.344051,test
b8:27:eb:e7:a3:66,2018-10-16 22:07:42,24,39,24.592402000000003,121.34407900000001,test
b8:27:eb:e7:a3:66,2018-10-16 22:07:53,24,39,24.592378,121.344082,test
b8:27:eb:e7:a3:66,2018-10-16 22:08:03,24,38,24.592521,121.34407300000001,test
b8:27:eb:e7:a3:66,2018-10-16 22:08:14,24,39,24.592506,121.344063,test
b8:27:eb:e7:a3:66,2018-10-16 22:41:27,25,39,24.591723,121.34449199999999,test
b8:27:eb:e7:a3:66,2018-10-16 22:41:38,25,39,24.592178,121.344372,test
b8:27:eb:e7:a3:66,2018-10-16 22:41:48,24,39,24.592347,121.344263,test
b8:27:eb:e7:a3:66,2018-10-16 22:41:59,24,39,24.592505000000003,121.344157,test
b8:27:eb:e7:a3:66,2018-10-16 22:42:09,25,39,24.592493,121.344141,test
b8:27:eb:e7:a3:66,2018-10-16 22:42:20,25,38,24.592357000000003,121.34417400000001,test
b8:27:eb:e7:a3:66,2018-10-16 22:42:30,25,39,24.592377000000003,121.344138,test
b8:27:eb:e7:a3:66,2018-10-16 22:42:41,25,40,24.592375999999998,121.34410700000001,test
b8:27:eb:e7:a3:66,2018-10-16 22:42:51,25,38,24.592386,121.344143,test
b8:27:eb:e7:a3:66,2018-10-16 22:43:02,25,40,24.59239,121.344166,test
b8:27:eb:e7:a3:66,2018-10-16 22:50:32,25,39,NaN,NaN,test
b8:27:eb:e7:a3:66,2018-10-16 22:50:43,25,44,24.59234,121.344125,test
b8:27:eb:e7:a3:66,2018-10-16 22:50:53,25,43,24.59239,121.34405500000001,test
b8:27:eb:e7:a3:66,2018-10-16 22:51:04,25,43,24.592353,121.34404699999999,test
b8:27:eb:e7:a3:66,2018-10-16 22:51:14,25,44,24.592305999999997,121.34405000000001,test
b8:27:eb:e7:a3:66,2018-10-16 22:51:25,25,45,24.592285999999998,121.34411200000001,test
b8:27:eb:e7:a3:66,2018-10-16 22:51:35,25,45,24.59223,121.344028,test
b8:27:eb:e7:a3:66,2018-10-16 22:51:46,25,44,NaN,NaN,test
b8:27:eb:e7:a3:66,2018-10-16 22:51:56,25,44,NaN,NaN,test
b8:27:eb:e7:a3:66,2018-10-16 22:52:06,25,43,NaN,NaN,test
b8:27:eb:e7:a3:66,2018-10-17 13:49:34,0,0,NaN,NaN,test
b8:27:eb:e7:a3:66,2018-10-17 13:49:45,24,40,24.592192,121.344091,test
b8:27:eb:e7:a3:66,2018-10-17 13:49:55,25,41,24.592291,121.344148,test
b8:27:eb:e7:a3:66,2018-10-17 13:50:06,25,42,24.592308,121.344156,test
b8:27:eb:e7:a3:66,2018-10-17 13:50:16,25,41,24.59226,121.344171,test
b8:27:eb:e7:a3:66,2018-10-17 14:24:21,24,41,24.592750000000002,121.34396500000001,test
b8:27:eb:e7:a3:66,2018-10-17 14:24:32,25,38,24.592654000000003,121.344042,test
b8:27:eb:e7:a3:66,2018-10-17 14:24:42,25,38,24.592648,121.344092,test
b8:27:eb:e7:a3:66,2018-10-17 14:24:53,24,40,24.592433,121.344265,test
b8:27:eb:e7:a3:66,2018-10-17 14:25:03,24,39,24.592343,121.344305,test
b8:27:eb:e7:a3:66,2018-10-17 14:25:14,24,39,24.592581,121.34405000000001,test
b8:27:eb:e7:a3:66,2018-10-17 14:25:24,25,37,24.592746,121.343897,test
b8:27:eb:e7:a3:66,2018-10-17 14:25:35,24,39,24.592813,121.34388000000001,test
b8:27:eb:e7:a3:66,2018-10-17 14:26:57,24,39,24.592633999999997,121.343999,test
b8:27:eb:e7:a3:66,2018-10-17 14:27:08,24,38,24.592637,121.34398900000001,test
b8:27:eb:e7:a3:66,2018-10-17 14:27:18,24,39,24.592609000000003,121.344069,test
b8:27:eb:e7:a3:66,2018-10-17 14:27:29,24,38,24.592647000000003,121.34404500000001,test
b8:27:eb:e7:a3:66,2018-10-17 14:27:39,24,39,24.592629000000002,121.34405000000001,test
b8:27:eb:e7:a3:66,2018-10-17 14:27:50,25,37,24.592655,121.34402,test
b8:27:eb:e7:a3:66,2018-10-17 14:31:38,0,0,24.592426999999997,121.344282,test
b8:27:eb:e7:a3:66,2018-10-17 14:31:49,25,39,24.592462,121.34419299999999,test
b8:27:eb:e7:a3:66,2018-10-17 14:31:59,25,39,24.592419,121.344144,test
b8:27:eb:e7:a3:66,2018-10-17 14:32:10,25,39,24.592427999999998,121.344146,test
b8:27:eb:e7:a3:66,2018-10-17 14:32:20,25,38,NaN,NaN,test
b8:27:eb:e7:a3:66,2018-10-17 14:32:31,25,41,24.592420999999998,121.344182,test
b8:27:eb:e7:a3:66,2018-10-17 14:32:41,23,39,24.592422000000003,121.344177,test
b8:27:eb:e7:a3:66,2018-10-17 14:32:52,25,39,24.592397000000002,121.34416499999999,test
b8:27:eb:e7:a3:66,2018-10-17 14:33:02,25,41,24.592387,121.344148,test
b8:27:eb:e7:a3:66,2018-10-17 14:33:13,25,43,24.592436,121.344105,test
b8:27:eb:e7:a3:66,2018-10-17 14:33:23,25,39,24.592469,121.344082,test
b8:27:eb:e7:a3:66,2018-10-17 14:33:33,25,40,24.592523,121.344116,test
b8:27:eb:e7:a3:66,2018-10-17 14:33:44,25,42,24.592467000000003,121.344113,test
b8:27:eb:e7:a3:66,2018-10-17 14:33:54,25,40,24.59244,121.344087,test
b8:27:eb:e7:a3:66,2018-10-17 14:34:05,25,42,24.592451,121.344066,test
b8:27:eb:e7:a3:66,2018-10-17 14:34:15,25,40,24.592584000000002,121.344114,test
b8:27:eb:e7:a3:66,2018-10-17 14:34:26,25,40,24.592692000000003,121.34410799999999,test
b8:27:eb:e7:a3:66,2018-10-17 14:34:36,25,41,24.592681,121.344104,test
b8:27:eb:e7:a3:66,2018-10-17 14:34:47,25,40,24.59252,121.344083,test
b8:27:eb:e7:a3:66,2018-10-17 14:34:57,25,41,24.592674000000002,121.34411,test
b8:27:eb:e7:a3:66,2018-10-17 14:35:08,25,42,24.592627000000004,121.34408400000001,test
b8:27:eb:e7:a3:66,2018-10-17 14:35:18,25,41,24.592577000000002,121.34407999999999,test
b8:27:eb:e7:a3:66,2018-10-17 14:35:29,25,42,24.592476,121.344049,test
b8:27:eb:e7:a3:66,2018-10-17 14:35:39,25,42,24.592347,121.344039,test
b8:27:eb:e7:a3:66,2018-10-17 14:35:50,25,41,24.592565,121.344088,test
b8:27:eb:e7:a3:66,2018-10-17 14:36:00,25,42,24.592723999999997,121.344129,test
b8:27:eb:e7:a3:66,2018-10-17 14:36:11,23,41,NaN,NaN,test
b8:27:eb:e7:a3:66,2018-10-17 14:36:21,25,41,24.591995999999998,121.34391799999999,test
b8:27:eb:e7:a3:66,2018-10-17 14:36:32,25,42,24.5918,121.34389800000001,test
b8:27:eb:e7:a3:66,2018-10-17 14:47:14,25,40,24.98742166666667,121.57342333333332,test
b8:27:eb:e7:a3:66,2018-10-17 14:47:24,24,38,24.987428333333334,121.573465,test
b8:27:eb:e7:a3:66,2018-10-17 14:47:35,24,38,24.987598333333334,121.57353666666667,test
b8:27:eb:e7:a3:66,2018-10-17 14:47:45,24,39,24.98748333333333,121.57358666666666,test
b8:27:eb:e7:a3:66,2018-10-17 14:47:56,24,38,24.98740666666667,121.57363833333332,test
b8:27:eb:e7:a3:66,2018-10-17 14:48:06,25,37,24.987373333333334,121.57362333333333,test
b8:27:eb:e7:a3:66,2018-10-17 14:48:17,25,38,24.987405,121.57359499999998,test
b8:27:eb:e7:a3:66,2018-10-17 14:48:27,24,39,24.987383333333334,121.57358166666666,test
b8:27:eb:e7:a3:66,2018-10-17 14:48:38,24,39,24.98736166666667,121.57357333333333,test
b8:27:eb:e7:a3:66,2018-10-17 14:48:48,24,39,24.987346666666667,121.57359833333332,test
b8:27:eb:e7:a3:66,2018-10-17 14:48:59,24,39,24.98732,121.57361333333334,test
b8:27:eb:e7:a3:66,2018-10-18 10:46:55,26,42,24.98736,121.57360333333332,test
b8:27:eb:e7:a3:66,2018-10-18 10:47:06,25,42,24.98727166666667,121.57353999999998,test
b8:27:eb:e7:a3:66,2018-10-18 10:47:16,27,41,24.987431666666666,121.573575,test
b8:27:eb:e7:a3:66,2018-10-18 10:47:27,26,41,24.98763333333333,121.57393333333333,test
b8:27:eb:e7:a3:66,2018-10-18 10:47:37,26,41,24.987518333333334,121.57377499999998,test
b8:27:eb:e7:a3:66,2018-10-18 10:47:48,25,43,24.987396666666672,121.57348166666667,test
b8:27:eb:e7:a3:66,2018-10-18 10:47:58,25,43,24.98747166666667,121.57353999999998,test
b8:27:eb:e7:a3:66,2018-10-18 10:48:09,26,42,NaN,NaN,test
b8:27:eb:e7:a3:66,2018-10-18 10:48:19,26,41,NaN,NaN,test
b8:27:eb:e7:a3:66,2018-10-18 10:48:30,26,41,NaN,NaN,test
b8:27:eb:e7:a3:66,2018-10-18 10:48:40,26,41,NaN,NaN,test
